sensor_id;sensor_type;location;lat;lon;timestamp;P1;durP1;ratioP1;P2;durP2;ratioP2
24237;SDS011;12367;53.42735200;-1.47451758;2020-02-18T00:00:24;13.23;;;2.20;;
24237;SDS011;12367;53.42735200;-1.47451758;2020-02-18T00:02:52;10.70;;;1.50;;
24237;SDS011;12367;53.42735200;-1.47451758;2020-02-18T00:05:19;10.80;;;1.50;;
24237;SDS011;12367;53.42735200;-1.47451758;2020-02-18T00:07:45;9.32;;;1.30;;
24237;SDS011;12367;53.42735200;-1.47451758;2020-02-18T00:10:13;10.88;;;2.40;;
24237;SDS011;12367;53.42735200;-1.47451758;2020-02-18T00:12:40;8.35;;;2.15;;
24237;SDS011;12367;53.42735200;-1.47451758;2020-02-18T00:15:08;9.82;;;1.70;;
24237;SDS011;12367;53.42735200;-1.47451758;2020-02-18T00:17:37;9.85;;;1.48;;
24237;SDS011;12367;53.42735200;-1.47451758;2020-02-18T00:20:06;8.57;;;1.92;;
24237;SDS011;12367;53.42735200;-1.47451758;2020-02-18T00:22:33;9.60;;;2.55;;
24237;SDS011;12367;53.42735200;-1.47451758;2020-02-18T00:24:59;9.70;;;1.40;;
24237;SDS011;12367;53.42735200;-1.47451758;2020-02-18T00:27:25;13.05;;;1.60;;
24237;SDS011;12367;53.42735200;-1.47451758;2020-02-18T00:29:51;14.90;;;2.37;;
24237;SDS011;12367;53.42735200;-1.47451758;2020-02-18T00:32:22;8.13;;;2.10;;
24237;SDS011;12367;53.42735200;-1.47451758;2020-02-18T00:34:48;13.27;;;2.58;;
24237;SDS011;12367;53.42735200;-1.47451758;2020-02-18T00:37:15;12.50;;;1.85;;
24237;SDS011;12367;53.42735200;-1.47451758;2020-02-18T00:39:47;14.27;;;1.30;;
24237;SDS011;12367;53.42735200;-1.47451758;2020-02-18T00:42:13;9.98;;;1.50;;
24237;SDS011;12367;53.42735200;-1.47451758;2020-02-18T00:44:38;11.95;;;1.55;;
24237;SDS011;12367;53.42735200;-1.47451758;2020-02-18T00:47:04;12.98;;;2.00;;
24237;SDS011;12367;53.42735200;-1.47451758;2020-02-18T00:49:30;17.65;;;2.42;;
24237;SDS011;12367;53.42735200;-1.47451758;2020-02-18T00:51:57;7.37;;;2.05;;
24237;SDS011;12367;53.42735200;-1.47451758;2020-02-18T00:54:23;15.63;;;1.83;;
24237;SDS011;12367;53.42735200;-1.47451758;2020-02-18T00:56:48;12.52;;;2.05;;
24237;SDS011;12367;53.42735200;-1.47451758;2020-02-18T00:59:14;12.82;;;1.75;;
24237;SDS011;12367;53.42735200;-1.47451758;2020-02-18T01:01:40;8.75;;;1.60;;
24237;SDS011;12367;53.42735200;-1.47451758;2020-02-18T01:04:10;16.90;;;1.75;;
24237;SDS011;12367;53.42735200;-1.47451758;2020-02-18T01:06:40;7.82;;;1.50;;
24237;SDS011;12367;53.42735200;-1.47451758;2020-02-18T01:09:06;8.70;;;2.30;;
24237;SDS011;12367;53.42735200;-1.47451758;2020-02-18T01:12:14;6.60;;;2.17;;
24237;SDS011;12367;53.42735200;-1.47451758;2020-02-18T01:14:49;14.68;;;2.03;;
24237;SDS011;12367;53.42735200;-1.47451758;2020-02-18T01:17:21;15.45;;;2.35;;
24237;SDS011;12367;53.42735200;-1.47451758;2020-02-18T01:19:53;11.30;;;1.70;;
24237;SDS011;12367;53.42735200;-1.47451758;2020-02-18T01:22:20;7.32;;;1.67;;
24237;SDS011;12367;53.42735200;-1.47451758;2020-02-18T01:24:48;11.55;;;1.85;;
24237;SDS011;12367;53.42735200;-1.47451758;2020-02-18T01:27:14;9.15;;;2.35;;
24237;SDS011;12367;53.42735200;-1.47451758;2020-02-18T01:29:41;12.73;;;2.97;;
24237;SDS011;12367;53.42735200;-1.47451758;2020-02-18T01:32:09;19.95;;;3.30;;
24237;SDS011;12367;53.42735200;-1.47451758;2020-02-18T01:34:34;13.68;;;2.28;;
24237;SDS011;12367;53.42735200;-1.47451758;2020-02-18T01:37:01;9.80;;;1.50;;
24237;SDS011;12367;53.42735200;-1.47451758;2020-02-18T01:39:28;13.80;;;1.60;;
24237;SDS011;12367;53.42735200;-1.47451758;2020-02-18T01:41:54;8.52;;;1.77;;
24237;SDS011;12367;53.42735200;-1.47451758;2020-02-18T01:44:22;9.70;;;1.48;;
24237;SDS011;12367;53.42735200;-1.47451758;2020-02-18T01:46:50;11.07;;;1.62;;
24237;SDS011;12367;53.42735200;-1.47451758;2020-02-18T01:49:18;11.63;;;2.00;;
24237;SDS011;12367;53.42735200;-1.47451758;2020-02-18T01:51:45;5.97;;;1.37;;
24237;SDS011;12367;53.42735200;-1.47451758;2020-02-18T01:54:14;5.47;;;1.70;;
24237;SDS011;12367;53.42735200;-1.47451758;2020-02-18T01:56:40;6.90;;;1.37;;
24237;SDS011;12367;53.42735200;-1.47451758;2020-02-18T01:59:06;12.93;;;2.08;;
24237;SDS011;12367;53.42735200;-1.47451758;2020-02-18T02:01:32;19.00;;;2.45;;
24237;SDS011;12367;53.42735200;-1.47451758;2020-02-18T02:04:02;5.18;;;1.50;;
24237;SDS011;12367;53.42735200;-1.47451758;2020-02-18T02:06:28;15.13;;;1.90;;
24237;SDS011;12367;53.42735200;-1.47451758;2020-02-18T02:08:56;9.23;;;2.08;;
24237;SDS011;12367;53.42735200;-1.47451758;2020-02-18T02:11:22;11.10;;;1.83;;
24237;SDS011;12367;53.42735200;-1.47451758;2020-02-18T02:13:49;16.73;;;1.98;;
24237;SDS011;12367;53.42735200;-1.47451758;2020-02-18T02:16:19;8.65;;;1.50;;
24237;SDS011;12367;53.42735200;-1.47451758;2020-02-18T02:18:49;12.82;;;2.53;;
24237;SDS011;12367;53.42735200;-1.47451758;2020-02-18T02:24:30;12.68;;;1.85;;
24237;SDS011;12367;53.42735200;-1.47451758;2020-02-18T02:27:04;8.50;;;1.52;;
24237;SDS011;12367;53.42735200;-1.47451758;2020-02-18T02:29:48;18.25;;;1.83;;
24237;SDS011;12367;53.42735200;-1.47451758;2020-02-18T02:32:29;6.90;;;1.45;;
24237;SDS011;12367;53.42735200;-1.47451758;2020-02-18T02:34:58;9.75;;;1.70;;
24237;SDS011;12367;53.42735200;-1.47451758;2020-02-18T02:40:07;9.45;;;1.50;;
24237;SDS011;12367;53.42735200;-1.47451758;2020-02-18T02:42:57;10.43;;;1.50;;
24237;SDS011;12367;53.42735200;-1.47451758;2020-02-18T02:45:27;4.72;;;1.62;;
24237;SDS011;12367;53.42735200;-1.47451758;2020-02-18T02:47:56;12.27;;;1.87;;
24237;SDS011;12367;53.42735200;-1.47451758;2020-02-18T02:50:22;10.82;;;1.35;;
24237;SDS011;12367;53.42735200;-1.47451758;2020-02-18T02:52:49;11.30;;;1.67;;
24237;SDS011;12367;53.42735200;-1.47451758;2020-02-18T02:55:15;13.65;;;2.33;;
24237;SDS011;12367;53.42735200;-1.47451758;2020-02-18T02:57:41;16.70;;;1.73;;
24237;SDS011;12367;53.42735200;-1.47451758;2020-02-18T03:00:10;21.23;;;1.90;;
24237;SDS011;12367;53.42735200;-1.47451758;2020-02-18T03:02:53;16.00;;;1.90;;
24237;SDS011;12367;53.42735200;-1.47451758;2020-02-18T03:05:22;11.23;;;1.52;;
24237;SDS011;12367;53.42735200;-1.47451758;2020-02-18T03:07:50;23.45;;;2.62;;
24237;SDS011;12367;53.42735200;-1.47451758;2020-02-18T03:10:51;15.45;;;1.62;;
24237;SDS011;12367;53.42735200;-1.47451758;2020-02-18T03:13:37;12.90;;;1.45;;
24237;SDS011;12367;53.42735200;-1.47451758;2020-02-18T03:16:27;13.20;;;1.67;;
24237;SDS011;12367;53.42735200;-1.47451758;2020-02-18T03:19:18;21.45;;;5.25;;
24237;SDS011;12367;53.42735200;-1.47451758;2020-02-18T03:21:48;11.23;;;1.70;;
24237;SDS011;12367;53.42735200;-1.47451758;2020-02-18T03:24:14;8.00;;;1.23;;
24237;SDS011;12367;53.42735200;-1.47451758;2020-02-18T03:26:51;13.20;;;2.03;;
24237;SDS011;12367;53.42735200;-1.47451758;2020-02-18T03:29:22;12.00;;;1.90;;
24237;SDS011;12367;53.42735200;-1.47451758;2020-02-18T03:31:49;12.20;;;1.83;;
24237;SDS011;12367;53.42735200;-1.47451758;2020-02-18T03:34:15;20.23;;;1.83;;
24237;SDS011;12367;53.42735200;-1.47451758;2020-02-18T03:36:40;12.70;;;2.10;;
24237;SDS011;12367;53.42735200;-1.47451758;2020-02-18T03:39:07;17.77;;;1.98;;
24237;SDS011;12367;53.42735200;-1.47451758;2020-02-18T03:41:40;11.98;;;1.60;;
24237;SDS011;12367;53.42735200;-1.47451758;2020-02-18T03:44:08;7.65;;;1.58;;
24237;SDS011;12367;53.42735200;-1.47451758;2020-02-18T03:46:37;24.45;;;2.17;;
24237;SDS011;12367;53.42735200;-1.47451758;2020-02-18T03:49:10;12.27;;;1.55;;
24237;SDS011;12367;53.42735200;-1.47451758;2020-02-18T03:51:40;12.93;;;2.70;;
24237;SDS011;12367;53.42735200;-1.47451758;2020-02-18T03:56:41;14.85;;;2.05;;
24237;SDS011;12367;53.42735200;-1.47451758;2020-02-18T03:59:10;14.27;;;2.17;;
24237;SDS011;12367;53.42735200;-1.47451758;2020-02-18T04:01:37;9.35;;;1.58;;
24237;SDS011;12367;53.42735200;-1.47451758;2020-02-18T04:04:04;6.78;;;1.70;;
24237;SDS011;12367;53.42735200;-1.47451758;2020-02-18T04:06:29;11.15;;;1.55;;
24237;SDS011;12367;53.42735200;-1.47451758;2020-02-18T04:08:55;19.27;;;1.70;;
24237;SDS011;12367;53.42735200;-1.47451758;2020-02-18T04:11:21;12.80;;;1.60;;
24237;SDS011;12367;53.42735200;-1.47451758;2020-02-18T04:13:47;7.00;;;1.30;;
24237;SDS011;12367;53.42735200;-1.47451758;2020-02-18T04:16:13;12.27;;;1.98;;
24237;SDS011;12367;53.42735200;-1.47451758;2020-02-18T04:18:40;9.20;;;1.30;;
24237;SDS011;12367;53.42735200;-1.47451758;2020-02-18T04:21:08;17.08;;;2.25;;
24237;SDS011;12367;53.42735200;-1.47451758;2020-02-18T04:23:33;13.07;;;1.77;;
24237;SDS011;12367;53.42735200;-1.47451758;2020-02-18T04:26:05;10.05;;;1.87;;
24237;SDS011;12367;53.42735200;-1.47451758;2020-02-18T04:28:32;13.55;;;2.08;;
24237;SDS011;12367;53.42735200;-1.47451758;2020-02-18T04:30:58;15.68;;;1.70;;
24237;SDS011;12367;53.42735200;-1.47451758;2020-02-18T04:33:23;7.97;;;1.60;;
24237;SDS011;12367;53.42735200;-1.47451758;2020-02-18T04:35:49;8.82;;;1.37;;
24237;SDS011;12367;53.42735200;-1.47451758;2020-02-18T04:38:15;11.07;;;1.98;;
24237;SDS011;12367;53.42735200;-1.47451758;2020-02-18T04:40:41;10.18;;;1.30;;
24237;SDS011;12367;53.42735200;-1.47451758;2020-02-18T04:43:07;7.35;;;1.25;;
24237;SDS011;12367;53.42735200;-1.47451758;2020-02-18T04:45:33;7.87;;;1.50;;
24237;SDS011;12367;53.42735200;-1.47451758;2020-02-18T04:48:01;12.95;;;2.10;;
24237;SDS011;12367;53.42735200;-1.47451758;2020-02-18T04:50:46;14.50;;;1.70;;
24237;SDS011;12367;53.42735200;-1.47451758;2020-02-18T04:53:16;15.73;;;1.25;;
24237;SDS011;12367;53.42735200;-1.47451758;2020-02-18T04:55:42;17.90;;;1.73;;
24237;SDS011;12367;53.42735200;-1.47451758;2020-02-18T04:58:08;13.30;;;1.75;;
24237;SDS011;12367;53.42735200;-1.47451758;2020-02-18T05:00:34;11.35;;;1.95;;
24237;SDS011;12367;53.42735200;-1.47451758;2020-02-18T05:03:02;8.32;;;1.70;;
24237;SDS011;12367;53.42735200;-1.47451758;2020-02-18T05:05:27;12.37;;;1.90;;
24237;SDS011;12367;53.42735200;-1.47451758;2020-02-18T05:07:53;10.25;;;1.45;;
24237;SDS011;12367;53.42735200;-1.47451758;2020-02-18T05:10:18;10.30;;;1.12;;
24237;SDS011;12367;53.42735200;-1.47451758;2020-02-18T05:12:44;9.18;;;1.52;;
24237;SDS011;12367;53.42735200;-1.47451758;2020-02-18T05:15:10;7.32;;;2.03;;
24237;SDS011;12367;53.42735200;-1.47451758;2020-02-18T05:17:36;16.10;;;1.48;;
24237;SDS011;12367;53.42735200;-1.47451758;2020-02-18T05:20:01;13.30;;;1.75;;
24237;SDS011;12367;53.42735200;-1.47451758;2020-02-18T05:22:28;11.60;;;2.17;;
24237;SDS011;12367;53.42735200;-1.47451758;2020-02-18T05:24:54;13.57;;;2.37;;
24237;SDS011;12367;53.42735200;-1.47451758;2020-02-18T05:27:20;12.55;;;3.55;;
24237;SDS011;12367;53.42735200;-1.47451758;2020-02-18T05:29:48;13.48;;;1.48;;
24237;SDS011;12367;53.42735200;-1.47451758;2020-02-18T05:32:14;15.18;;;1.85;;
24237;SDS011;12367;53.42735200;-1.47451758;2020-02-18T05:34:39;8.88;;;1.58;;
24237;SDS011;12367;53.42735200;-1.47451758;2020-02-18T05:37:07;11.12;;;2.17;;
24237;SDS011;12367;53.42735200;-1.47451758;2020-02-18T05:39:32;15.38;;;2.12;;
24237;SDS011;12367;53.42735200;-1.47451758;2020-02-18T05:41:59;9.95;;;1.20;;
24237;SDS011;12367;53.42735200;-1.47451758;2020-02-18T05:44:25;8.07;;;1.45;;
24237;SDS011;12367;53.42735200;-1.47451758;2020-02-18T05:46:51;10.98;;;2.47;;
24237;SDS011;12367;53.42735200;-1.47451758;2020-02-18T05:49:19;5.40;;;1.40;;
24237;SDS011;12367;53.42735200;-1.47451758;2020-02-18T05:51:44;10.95;;;1.80;;
24237;SDS011;12367;53.42735200;-1.47451758;2020-02-18T05:54:10;7.60;;;1.52;;
24237;SDS011;12367;53.42735200;-1.47451758;2020-02-18T05:56:36;9.80;;;1.50;;
24237;SDS011;12367;53.42735200;-1.47451758;2020-02-18T05:59:01;19.50;;;2.08;;
24237;SDS011;12367;53.42735200;-1.47451758;2020-02-18T06:01:28;12.50;;;1.75;;
24237;SDS011;12367;53.42735200;-1.47451758;2020-02-18T06:03:54;8.43;;;1.48;;
24237;SDS011;12367;53.42735200;-1.47451758;2020-02-18T06:06:19;6.45;;;1.20;;
24237;SDS011;12367;53.42735200;-1.47451758;2020-02-18T06:08:45;9.85;;;1.48;;
24237;SDS011;12367;53.42735200;-1.47451758;2020-02-18T06:11:10;10.07;;;1.10;;
24237;SDS011;12367;53.42735200;-1.47451758;2020-02-18T06:13:36;6.20;;;1.58;;
24237;SDS011;12367;53.42735200;-1.47451758;2020-02-18T06:16:02;20.25;;;2.03;;
24237;SDS011;12367;53.42735200;-1.47451758;2020-02-18T06:18:27;15.02;;;1.58;;
24237;SDS011;12367;53.42735200;-1.47451758;2020-02-18T06:21:03;7.05;;;1.65;;
24237;SDS011;12367;53.42735200;-1.47451758;2020-02-18T06:23:40;7.82;;;2.17;;
24237;SDS011;12367;53.42735200;-1.47451758;2020-02-18T06:26:06;10.05;;;1.98;;
24237;SDS011;12367;53.42735200;-1.47451758;2020-02-18T06:28:33;15.20;;;1.23;;
24237;SDS011;12367;53.42735200;-1.47451758;2020-02-18T06:31:01;9.45;;;1.48;;
24237;SDS011;12367;53.42735200;-1.47451758;2020-02-18T06:33:27;12.40;;;1.98;;
24237;SDS011;12367;53.42735200;-1.47451758;2020-02-18T06:36:05;11.95;;;2.72;;
24237;SDS011;12367;53.42735200;-1.47451758;2020-02-18T06:38:37;10.23;;;2.20;;
24237;SDS011;12367;53.42735200;-1.47451758;2020-02-18T06:41:05;9.82;;;1.48;;
24237;SDS011;12367;53.42735200;-1.47451758;2020-02-18T06:43:31;19.17;;;2.20;;
24237;SDS011;12367;53.42735200;-1.47451758;2020-02-18T06:45:56;9.55;;;1.33;;
24237;SDS011;12367;53.42735200;-1.47451758;2020-02-18T06:48:23;12.13;;;1.33;;
24237;SDS011;12367;53.42735200;-1.47451758;2020-02-18T06:50:48;8.05;;;2.33;;
24237;SDS011;12367;53.42735200;-1.47451758;2020-02-18T06:53:15;15.40;;;1.83;;
24237;SDS011;12367;53.42735200;-1.47451758;2020-02-18T06:55:41;10.13;;;1.65;;
24237;SDS011;12367;53.42735200;-1.47451758;2020-02-18T06:58:06;9.70;;;2.35;;
24237;SDS011;12367;53.42735200;-1.47451758;2020-02-18T07:00:32;6.72;;;1.55;;
24237;SDS011;12367;53.42735200;-1.47451758;2020-02-18T07:02:57;10.65;;;1.50;;
24237;SDS011;12367;53.42735200;-1.47451758;2020-02-18T07:05:23;16.37;;;2.25;;
24237;SDS011;12367;53.42735200;-1.47451758;2020-02-18T07:07:49;7.37;;;1.35;;
24237;SDS011;12367;53.42735200;-1.47451758;2020-02-18T07:10:14;9.20;;;1.50;;
24237;SDS011;12367;53.42735200;-1.47451758;2020-02-18T07:13:00;8.20;;;1.40;;
24237;SDS011;12367;53.42735200;-1.47451758;2020-02-18T07:15:25;9.90;;;1.40;;
24237;SDS011;12367;53.42735200;-1.47451758;2020-02-18T07:17:51;8.38;;;1.05;;
24237;SDS011;12367;53.42735200;-1.47451758;2020-02-18T07:22:46;11.23;;;1.50;;
24237;SDS011;12367;53.42735200;-1.47451758;2020-02-18T07:25:12;6.15;;;1.15;;
24237;SDS011;12367;53.42735200;-1.47451758;2020-02-18T07:27:38;7.93;;;1.08;;
24237;SDS011;12367;53.42735200;-1.47451758;2020-02-18T07:30:04;15.52;;;1.75;;
24237;SDS011;12367;53.42735200;-1.47451758;2020-02-18T07:32:30;7.15;;;1.48;;
24237;SDS011;12367;53.42735200;-1.47451758;2020-02-18T07:34:55;12.65;;;2.70;;
24237;SDS011;12367;53.42735200;-1.47451758;2020-02-18T07:37:22;10.05;;;1.40;;
24237;SDS011;12367;53.42735200;-1.47451758;2020-02-18T07:39:49;8.40;;;1.60;;
24237;SDS011;12367;53.42735200;-1.47451758;2020-02-18T07:42:14;10.15;;;1.42;;
24237;SDS011;12367;53.42735200;-1.47451758;2020-02-18T07:44:40;9.38;;;1.55;;
24237;SDS011;12367;53.42735200;-1.47451758;2020-02-18T07:47:05;13.02;;;2.28;;
24237;SDS011;12367;53.42735200;-1.47451758;2020-02-18T07:49:33;8.95;;;1.90;;
24237;SDS011;12367;53.42735200;-1.47451758;2020-02-18T07:52:01;9.00;;;1.67;;
24237;SDS011;12367;53.42735200;-1.47451758;2020-02-18T07:54:30;12.27;;;1.73;;
24237;SDS011;12367;53.42735200;-1.47451758;2020-02-18T07:56:56;8.77;;;1.85;;
24237;SDS011;12367;53.42735200;-1.47451758;2020-02-18T07:59:22;4.57;;;1.15;;
24237;SDS011;12367;53.42735200;-1.47451758;2020-02-18T08:01:47;8.05;;;1.60;;
24237;SDS011;12367;53.42735200;-1.47451758;2020-02-18T08:04:15;6.00;;;1.10;;
24237;SDS011;12367;53.42735200;-1.47451758;2020-02-18T08:06:41;7.32;;;2.17;;
24237;SDS011;12367;53.42735200;-1.47451758;2020-02-18T08:09:06;7.75;;;1.60;;
24237;SDS011;12367;53.42735200;-1.47451758;2020-02-18T08:11:32;16.37;;;2.20;;
24237;SDS011;12367;53.42735200;-1.47451758;2020-02-18T08:13:58;7.90;;;2.25;;
24237;SDS011;12367;53.42735200;-1.47451758;2020-02-18T08:16:23;6.15;;;1.23;;
24237;SDS011;12367;53.42735200;-1.47451758;2020-02-18T08:18:52;9.95;;;1.42;;
24237;SDS011;12367;53.42735200;-1.47451758;2020-02-18T08:21:18;9.32;;;1.23;;
24237;SDS011;12367;53.42735200;-1.47451758;2020-02-18T08:23:45;9.88;;;1.45;;
24237;SDS011;12367;53.42735200;-1.47451758;2020-02-18T08:26:10;9.40;;;2.05;;
24237;SDS011;12367;53.42735200;-1.47451758;2020-02-18T08:28:39;17.85;;;1.65;;
24237;SDS011;12367;53.42735200;-1.47451758;2020-02-18T08:31:05;16.20;;;2.37;;
24237;SDS011;12367;53.42735200;-1.47451758;2020-02-18T08:33:31;7.72;;;1.40;;
24237;SDS011;12367;53.42735200;-1.47451758;2020-02-18T08:35:57;15.73;;;1.95;;
24237;SDS011;12367;53.42735200;-1.47451758;2020-02-18T08:38:23;8.73;;;1.00;;
24237;SDS011;12367;53.42735200;-1.47451758;2020-02-18T08:40:48;8.50;;;0.93;;
24237;SDS011;12367;53.42735200;-1.47451758;2020-02-18T08:43:14;16.08;;;1.23;;
24237;SDS011;12367;53.42735200;-1.47451758;2020-02-18T08:45:40;8.60;;;1.40;;
24237;SDS011;12367;53.42735200;-1.47451758;2020-02-18T08:48:05;5.12;;;1.00;;
24237;SDS011;12367;53.42735200;-1.47451758;2020-02-18T08:50:33;10.35;;;2.08;;
24237;SDS011;12367;53.42735200;-1.47451758;2020-02-18T08:52:59;13.57;;;1.92;;
24237;SDS011;12367;53.42735200;-1.47451758;2020-02-18T08:55:24;11.73;;;1.35;;
24237;SDS011;12367;53.42735200;-1.47451758;2020-02-18T08:57:50;17.90;;;2.35;;
24237;SDS011;12367;53.42735200;-1.47451758;2020-02-18T09:00:17;10.45;;;1.20;;
24237;SDS011;12367;53.42735200;-1.47451758;2020-02-18T09:02:45;8.63;;;1.50;;
24237;SDS011;12367;53.42735200;-1.47451758;2020-02-18T09:05:10;9.45;;;1.90;;
24237;SDS011;12367;53.42735200;-1.47451758;2020-02-18T09:07:36;11.10;;;1.02;;
24237;SDS011;12367;53.42735200;-1.47451758;2020-02-18T09:10:05;11.68;;;2.10;;
24237;SDS011;12367;53.42735200;-1.47451758;2020-02-18T09:12:32;11.90;;;2.05;;
24237;SDS011;12367;53.42735200;-1.47451758;2020-02-18T09:14:58;10.20;;;1.60;;
24237;SDS011;12367;53.42735200;-1.47451758;2020-02-18T09:17:42;13.93;;;1.87;;
24237;SDS011;12367;53.42735200;-1.47451758;2020-02-18T09:20:15;10.50;;;1.33;;
24237;SDS011;12367;53.42735200;-1.47451758;2020-02-18T09:22:46;8.40;;;1.30;;
24237;SDS011;12367;53.42735200;-1.47451758;2020-02-18T09:25:11;10.63;;;1.50;;
24237;SDS011;12367;53.42735200;-1.47451758;2020-02-18T09:27:37;9.05;;;1.45;;
24237;SDS011;12367;53.42735200;-1.47451758;2020-02-18T09:30:03;7.85;;;1.65;;
24237;SDS011;12367;53.42735200;-1.47451758;2020-02-18T09:32:29;6.22;;;1.37;;
24237;SDS011;12367;53.42735200;-1.47451758;2020-02-18T09:34:54;13.23;;;1.60;;
24237;SDS011;12367;53.42735200;-1.47451758;2020-02-18T09:37:20;14.70;;;1.85;;
24237;SDS011;12367;53.42735200;-1.47451758;2020-02-18T09:39:46;13.10;;;1.40;;
24237;SDS011;12367;53.42735200;-1.47451758;2020-02-18T09:42:11;9.00;;;1.80;;
24237;SDS011;12367;53.42735200;-1.47451758;2020-02-18T09:44:37;16.40;;;1.33;;
24237;SDS011;12367;53.42735200;-1.47451758;2020-02-18T09:47:03;11.68;;;2.10;;
24237;SDS011;12367;53.42735200;-1.47451758;2020-02-18T09:49:28;12.37;;;1.90;;
24237;SDS011;12367;53.42735200;-1.47451758;2020-02-18T09:51:54;15.70;;;2.17;;
24237;SDS011;12367;53.42735200;-1.47451758;2020-02-18T09:54:19;16.08;;;1.45;;
24237;SDS011;12367;53.42735200;-1.47451758;2020-02-18T09:56:45;11.00;;;1.20;;
24237;SDS011;12367;53.42735200;-1.47451758;2020-02-18T09:59:11;5.37;;;1.10;;
24237;SDS011;12367;53.42735200;-1.47451758;2020-02-18T10:04:05;8.15;;;1.50;;
24237;SDS011;12367;53.42735200;-1.47451758;2020-02-18T10:06:31;4.70;;;1.27;;
24237;SDS011;12367;53.42735200;-1.47451758;2020-02-18T10:08:57;10.65;;;1.67;;
24237;SDS011;12367;53.42735200;-1.47451758;2020-02-18T10:11:22;10.98;;;1.90;;
24237;SDS011;12367;53.42735200;-1.47451758;2020-02-18T10:13:48;12.77;;;1.90;;
24237;SDS011;12367;53.42735200;-1.47451758;2020-02-18T10:16:15;10.27;;;1.70;;
24237;SDS011;12367;53.42735200;-1.47451758;2020-02-18T10:18:42;14.45;;;1.95;;
24237;SDS011;12367;53.42735200;-1.47451758;2020-02-18T10:21:08;12.88;;;1.85;;
24237;SDS011;12367;53.42735200;-1.47451758;2020-02-18T10:23:33;8.38;;;1.60;;
24237;SDS011;12367;53.42735200;-1.47451758;2020-02-18T10:25:59;8.20;;;1.62;;
24237;SDS011;12367;53.42735200;-1.47451758;2020-02-18T10:28:26;14.32;;;1.85;;
24237;SDS011;12367;53.42735200;-1.47451758;2020-02-18T10:30:51;11.95;;;2.47;;
24237;SDS011;12367;53.42735200;-1.47451758;2020-02-18T10:33:17;13.68;;;2.15;;
24237;SDS011;12367;53.42735200;-1.47451758;2020-02-18T10:35:45;9.10;;;1.75;;
24237;SDS011;12367;53.42735200;-1.47451758;2020-02-18T10:38:10;9.85;;;1.92;;
24237;SDS011;12367;53.42735200;-1.47451758;2020-02-18T10:40:36;13.80;;;2.37;;
24237;SDS011;12367;53.42735200;-1.47451758;2020-02-18T10:43:36;15.32;;;1.95;;
24237;SDS011;12367;53.42735200;-1.47451758;2020-02-18T10:46:02;9.60;;;2.20;;
24237;SDS011;12367;53.42735200;-1.47451758;2020-02-18T10:48:34;13.70;;;2.15;;
24237;SDS011;12367;53.42735200;-1.47451758;2020-02-18T10:51:02;7.32;;;1.50;;
24237;SDS011;12367;53.42735200;-1.47451758;2020-02-18T10:53:27;6.82;;;1.77;;
24237;SDS011;12367;53.42735200;-1.47451758;2020-02-18T10:55:54;9.32;;;1.65;;
24237;SDS011;12367;53.42735200;-1.47451758;2020-02-18T10:58:20;12.13;;;1.80;;
24237;SDS011;12367;53.42735200;-1.47451758;2020-02-18T11:00:46;10.45;;;1.95;;
24237;SDS011;12367;53.42735200;-1.47451758;2020-02-18T11:03:12;7.00;;;2.25;;
24237;SDS011;12367;53.42735200;-1.47451758;2020-02-18T11:05:39;10.50;;;2.25;;
24237;SDS011;12367;53.42735200;-1.47451758;2020-02-18T11:08:11;8.15;;;2.05;;
24237;SDS011;12367;53.42735200;-1.47451758;2020-02-18T11:10:49;7.80;;;1.10;;
24237;SDS011;12367;53.42735200;-1.47451758;2020-02-18T11:13:34;8.15;;;2.12;;
24237;SDS011;12367;53.42735200;-1.47451758;2020-02-18T11:16:11;10.40;;;1.40;;
24237;SDS011;12367;53.42735200;-1.47451758;2020-02-18T11:18:55;7.20;;;1.50;;
24237;SDS011;12367;53.42735200;-1.47451758;2020-02-18T11:21:37;5.05;;;1.10;;
24237;SDS011;12367;53.42735200;-1.47451758;2020-02-18T11:24:21;9.13;;;1.30;;
24237;SDS011;12367;53.42735200;-1.47451758;2020-02-18T11:26:46;6.37;;;0.93;;
24237;SDS011;12367;53.42735200;-1.47451758;2020-02-18T11:29:12;8.45;;;1.10;;
24237;SDS011;12367;53.42735200;-1.47451758;2020-02-18T11:31:38;7.97;;;1.90;;
24237;SDS011;12367;53.42735200;-1.47451758;2020-02-18T11:34:04;7.05;;;1.20;;
24237;SDS011;12367;53.42735200;-1.47451758;2020-02-18T11:36:30;8.05;;;1.10;;
24237;SDS011;12367;53.42735200;-1.47451758;2020-02-18T11:38:56;12.32;;;1.73;;
24237;SDS011;12367;53.42735200;-1.47451758;2020-02-18T11:41:22;7.70;;;1.62;;
24237;SDS011;12367;53.42735200;-1.47451758;2020-02-18T11:43:47;11.20;;;1.90;;
24237;SDS011;12367;53.42735200;-1.47451758;2020-02-18T11:46:13;6.87;;;1.30;;
24237;SDS011;12367;53.42735200;-1.47451758;2020-02-18T11:48:43;5.25;;;0.80;;
24237;SDS011;12367;53.42735200;-1.47451758;2020-02-18T11:51:08;4.62;;;0.98;;
24237;SDS011;12367;53.42735200;-1.47451758;2020-02-18T11:53:34;3.12;;;0.50;;
24237;SDS011;12367;53.42735200;-1.47451758;2020-02-18T11:55:59;6.85;;;1.23;;
24237;SDS011;12367;53.42735200;-1.47451758;2020-02-18T11:58:25;9.32;;;1.05;;
24237;SDS011;12367;53.42735200;-1.47451758;2020-02-18T12:00:50;3.90;;;0.90;;
24237;SDS011;12367;53.42735200;-1.47451758;2020-02-18T12:03:16;9.05;;;1.17;;
24237;SDS011;12367;53.42735200;-1.47451758;2020-02-18T12:05:57;5.35;;;1.00;;
24237;SDS011;12367;53.42735200;-1.47451758;2020-02-18T12:08:24;9.75;;;1.40;;
24237;SDS011;12367;53.42735200;-1.47451758;2020-02-18T12:10:50;17.05;;;5.22;;
24237;SDS011;12367;53.42735200;-1.47451758;2020-02-18T12:13:16;25.80;;;10.25;;
24237;SDS011;12367;53.42735200;-1.47451758;2020-02-18T12:15:42;30.90;;;7.43;;
24237;SDS011;12367;53.42735200;-1.47451758;2020-02-18T12:18:09;38.25;;;14.30;;
24237;SDS011;12367;53.42735200;-1.47451758;2020-02-18T12:20:34;67.60;;;33.17;;
24237;SDS011;12367;53.42735200;-1.47451758;2020-02-18T12:23:02;7.75;;;2.87;;
24237;SDS011;12367;53.42735200;-1.47451758;2020-02-18T12:25:43;24.90;;;12.05;;
24237;SDS011;12367;53.42735200;-1.47451758;2020-02-18T12:28:11;9.93;;;1.33;;
24237;SDS011;12367;53.42735200;-1.47451758;2020-02-18T12:30:37;8.65;;;2.47;;
24237;SDS011;12367;53.42735200;-1.47451758;2020-02-18T12:33:03;10.73;;;2.35;;
24237;SDS011;12367;53.42735200;-1.47451758;2020-02-18T12:35:29;12.82;;;2.08;;
24237;SDS011;12367;53.42735200;-1.47451758;2020-02-18T12:37:55;13.00;;;1.87;;
24237;SDS011;12367;53.42735200;-1.47451758;2020-02-18T12:40:20;8.35;;;3.10;;
24237;SDS011;12367;53.42735200;-1.47451758;2020-02-18T12:42:46;15.75;;;3.75;;
24237;SDS011;12367;53.42735200;-1.47451758;2020-02-18T12:45:12;16.17;;;4.53;;
24237;SDS011;12367;53.42735200;-1.47451758;2020-02-18T12:47:37;9.80;;;2.62;;
24237;SDS011;12367;53.42735200;-1.47451758;2020-02-18T12:50:03;11.82;;;2.65;;
24237;SDS011;12367;53.42735200;-1.47451758;2020-02-18T12:52:29;13.52;;;2.83;;
24237;SDS011;12367;53.42735200;-1.47451758;2020-02-18T12:54:55;20.90;;;4.00;;
24237;SDS011;12367;53.42735200;-1.47451758;2020-02-18T12:57:21;6.55;;;1.75;;
24237;SDS011;12367;53.42735200;-1.47451758;2020-02-18T12:59:46;24.20;;;5.22;;
24237;SDS011;12367;53.42735200;-1.47451758;2020-02-18T13:02:13;8.07;;;2.45;;
24237;SDS011;12367;53.42735200;-1.47451758;2020-02-18T13:04:39;13.05;;;2.25;;
24237;SDS011;12367;53.42735200;-1.47451758;2020-02-18T13:07:04;16.45;;;3.35;;
24237;SDS011;12367;53.42735200;-1.47451758;2020-02-18T13:09:48;18.48;;;3.03;;
24237;SDS011;12367;53.42735200;-1.47451758;2020-02-18T13:12:38;12.43;;;2.25;;
24237;SDS011;12367;53.42735200;-1.47451758;2020-02-18T13:15:22;15.23;;;2.35;;
24237;SDS011;12367;53.42735200;-1.47451758;2020-02-18T13:18:04;15.70;;;1.65;;
24237;SDS011;12367;53.42735200;-1.47451758;2020-02-18T13:20:31;8.70;;;1.90;;
24237;SDS011;12367;53.42735200;-1.47451758;2020-02-18T13:25:51;9.25;;;1.98;;
24237;SDS011;12367;53.42735200;-1.47451758;2020-02-18T13:28:19;9.13;;;1.75;;
24237;SDS011;12367;53.42735200;-1.47451758;2020-02-18T13:30:46;12.20;;;2.20;;
24237;SDS011;12367;53.42735200;-1.47451758;2020-02-18T13:33:30;14.40;;;2.20;;
24237;SDS011;12367;53.42735200;-1.47451758;2020-02-18T13:36:18;23.73;;;4.43;;
24237;SDS011;12367;53.42735200;-1.47451758;2020-02-18T13:38:58;13.35;;;3.75;;
24237;SDS011;12367;53.42735200;-1.47451758;2020-02-18T13:41:25;13.35;;;2.03;;
24237;SDS011;12367;53.42735200;-1.47451758;2020-02-18T13:43:51;13.43;;;3.45;;
24237;SDS011;12367;53.42735200;-1.47451758;2020-02-18T13:46:16;9.05;;;2.15;;
24237;SDS011;12367;53.42735200;-1.47451758;2020-02-18T13:48:42;13.02;;;1.85;;
24237;SDS011;12367;53.42735200;-1.47451758;2020-02-18T13:53:38;13.18;;;1.45;;
24237;SDS011;12367;53.42735200;-1.47451758;2020-02-18T13:56:05;16.87;;;2.30;;
24237;SDS011;12367;53.42735200;-1.47451758;2020-02-18T13:58:31;9.23;;;1.65;;
24237;SDS011;12367;53.42735200;-1.47451758;2020-02-18T14:00:56;17.27;;;2.92;;
24237;SDS011;12367;53.42735200;-1.47451758;2020-02-18T14:03:24;6.00;;;1.37;;
24237;SDS011;12367;53.42735200;-1.47451758;2020-02-18T14:05:50;18.40;;;2.22;;
24237;SDS011;12367;53.42735200;-1.47451758;2020-02-18T14:08:16;11.20;;;1.30;;
24237;SDS011;12367;53.42735200;-1.47451758;2020-02-18T14:10:42;7.65;;;1.12;;
24237;SDS011;12367;53.42735200;-1.47451758;2020-02-18T14:13:09;11.23;;;1.35;;
24237;SDS011;12367;53.42735200;-1.47451758;2020-02-18T14:15:35;10.82;;;1.87;;
24237;SDS011;12367;53.42735200;-1.47451758;2020-02-18T14:18:00;7.65;;;1.45;;
24237;SDS011;12367;53.42735200;-1.47451758;2020-02-18T14:20:26;13.27;;;1.83;;
24237;SDS011;12367;53.42735200;-1.47451758;2020-02-18T14:22:52;9.07;;;1.40;;
24237;SDS011;12367;53.42735200;-1.47451758;2020-02-18T14:25:23;5.43;;;1.17;;
24237;SDS011;12367;53.42735200;-1.47451758;2020-02-18T14:27:49;5.12;;;1.10;;
24237;SDS011;12367;53.42735200;-1.47451758;2020-02-18T14:30:14;14.82;;;1.50;;
24237;SDS011;12367;53.42735200;-1.47451758;2020-02-18T14:32:41;7.62;;;1.35;;
24237;SDS011;12367;53.42735200;-1.47451758;2020-02-18T14:35:07;8.20;;;1.52;;
24237;SDS011;12367;53.42735200;-1.47451758;2020-02-18T14:37:37;11.35;;;1.60;;
24237;SDS011;12367;53.42735200;-1.47451758;2020-02-18T14:40:02;13.02;;;1.98;;
24237;SDS011;12367;53.42735200;-1.47451758;2020-02-18T14:42:28;7.75;;;1.48;;
24237;SDS011;12367;53.42735200;-1.47451758;2020-02-18T14:44:54;7.87;;;1.20;;
24237;SDS011;12367;53.42735200;-1.47451758;2020-02-18T14:47:20;9.43;;;1.70;;
24237;SDS011;12367;53.42735200;-1.47451758;2020-02-18T14:49:45;10.82;;;1.67;;
24237;SDS011;12367;53.42735200;-1.47451758;2020-02-18T14:52:11;9.48;;;1.92;;
24237;SDS011;12367;53.42735200;-1.47451758;2020-02-18T14:54:37;8.65;;;1.87;;
24237;SDS011;12367;53.42735200;-1.47451758;2020-02-18T14:57:02;10.40;;;2.90;;
24237;SDS011;12367;53.42735200;-1.47451758;2020-02-18T14:59:28;12.40;;;1.90;;
24237;SDS011;12367;53.42735200;-1.47451758;2020-02-18T15:01:55;8.45;;;1.92;;
24237;SDS011;12367;53.42735200;-1.47451758;2020-02-18T15:04:21;5.25;;;2.03;;
24237;SDS011;12367;53.42735200;-1.47451758;2020-02-18T15:06:47;12.93;;;2.03;;
24237;SDS011;12367;53.42735200;-1.47451758;2020-02-18T15:09:14;8.55;;;1.80;;
24237;SDS011;12367;53.42735200;-1.47451758;2020-02-18T15:11:40;6.80;;;1.65;;
24237;SDS011;12367;53.42735200;-1.47451758;2020-02-18T15:14:08;8.10;;;2.35;;
24237;SDS011;12367;53.42735200;-1.47451758;2020-02-18T15:16:34;8.73;;;2.42;;
24237;SDS011;12367;53.42735200;-1.47451758;2020-02-18T15:19:02;11.23;;;2.53;;
24237;SDS011;12367;53.42735200;-1.47451758;2020-02-18T15:21:27;13.82;;;2.90;;
24237;SDS011;12367;53.42735200;-1.47451758;2020-02-18T15:24:14;6.35;;;1.45;;
24237;SDS011;12367;53.42735200;-1.47451758;2020-02-18T15:26:41;12.55;;;1.80;;
24237;SDS011;12367;53.42735200;-1.47451758;2020-02-18T15:29:27;5.37;;;1.23;;
24237;SDS011;12367;53.42735200;-1.47451758;2020-02-18T15:32:14;9.50;;;1.67;;
24237;SDS011;12367;53.42735200;-1.47451758;2020-02-18T15:34:58;8.07;;;1.30;;
24237;SDS011;12367;53.42735200;-1.47451758;2020-02-18T15:37:29;6.70;;;1.50;;
24237;SDS011;12367;53.42735200;-1.47451758;2020-02-18T15:40:12;10.25;;;1.40;;
24237;SDS011;12367;53.42735200;-1.47451758;2020-02-18T15:42:49;8.85;;;1.90;;
24237;SDS011;12367;53.42735200;-1.47451758;2020-02-18T15:45:15;6.80;;;1.48;;
24237;SDS011;12367;53.42735200;-1.47451758;2020-02-18T15:47:41;8.70;;;1.35;;
24237;SDS011;12367;53.42735200;-1.47451758;2020-02-18T15:50:08;11.75;;;1.80;;
24237;SDS011;12367;53.42735200;-1.47451758;2020-02-18T15:52:34;7.68;;;1.27;;
24237;SDS011;12367;53.42735200;-1.47451758;2020-02-18T15:55:01;11.07;;;1.50;;
24237;SDS011;12367;53.42735200;-1.47451758;2020-02-18T15:57:26;7.22;;;1.35;;
24237;SDS011;12367;53.42735200;-1.47451758;2020-02-18T15:59:55;6.72;;;1.10;;
24237;SDS011;12367;53.42735200;-1.47451758;2020-02-18T16:02:21;5.07;;;1.10;;
24237;SDS011;12367;53.42735200;-1.47451758;2020-02-18T16:04:47;7.85;;;1.33;;
24237;SDS011;12367;53.42735200;-1.47451758;2020-02-18T16:07:13;8.30;;;1.48;;
24237;SDS011;12367;53.42735200;-1.47451758;2020-02-18T16:09:39;5.78;;;1.55;;
24237;SDS011;12367;53.42735200;-1.47451758;2020-02-18T16:12:05;10.95;;;1.62;;
24237;SDS011;12367;53.42735200;-1.47451758;2020-02-18T16:14:30;9.45;;;1.77;;
24237;SDS011;12367;53.42735200;-1.47451758;2020-02-18T16:16:56;7.10;;;1.30;;
24237;SDS011;12367;53.42735200;-1.47451758;2020-02-18T16:19:23;9.05;;;1.60;;
24237;SDS011;12367;53.42735200;-1.47451758;2020-02-18T16:21:48;6.55;;;1.20;;
24237;SDS011;12367;53.42735200;-1.47451758;2020-02-18T16:24:14;3.15;;;1.10;;
24237;SDS011;12367;53.42735200;-1.47451758;2020-02-18T16:26:41;2.90;;;0.75;;
24237;SDS011;12367;53.42735200;-1.47451758;2020-02-18T16:29:08;6.10;;;1.15;;
24237;SDS011;12367;53.42735200;-1.47451758;2020-02-18T16:31:34;3.45;;;0.90;;
24237;SDS011;12367;53.42735200;-1.47451758;2020-02-18T16:34:00;6.87;;;1.10;;
24237;SDS011;12367;53.42735200;-1.47451758;2020-02-18T16:36:25;7.15;;;0.90;;
24237;SDS011;12367;53.42735200;-1.47451758;2020-02-18T16:38:52;4.62;;;0.82;;
24237;SDS011;12367;53.42735200;-1.47451758;2020-02-18T16:41:18;2.10;;;0.43;;
24237;SDS011;12367;53.42735200;-1.47451758;2020-02-18T16:43:44;2.45;;;0.47;;
24237;SDS011;12367;53.42735200;-1.47451758;2020-02-18T16:46:11;1.60;;;0.60;;
24237;SDS011;12367;53.42735200;-1.47451758;2020-02-18T16:48:38;3.62;;;0.60;;
24237;SDS011;12367;53.42735200;-1.47451758;2020-02-18T16:51:03;3.22;;;1.48;;
24237;SDS011;12367;53.42735200;-1.47451758;2020-02-18T16:53:29;1.67;;;0.73;;
24237;SDS011;12367;53.42735200;-1.47451758;2020-02-18T16:55:56;4.45;;;0.88;;
24237;SDS011;12367;53.42735200;-1.47451758;2020-02-18T16:58:23;1.25;;;0.30;;
24237;SDS011;12367;53.42735200;-1.47451758;2020-02-18T17:00:49;3.35;;;0.65;;
24237;SDS011;12367;53.42735200;-1.47451758;2020-02-18T17:03:15;5.87;;;1.08;;
24237;SDS011;12367;53.42735200;-1.47451758;2020-02-18T17:05:40;1.90;;;0.70;;
24237;SDS011;12367;53.42735200;-1.47451758;2020-02-18T17:08:06;4.85;;;0.93;;
24237;SDS011;12367;53.42735200;-1.47451758;2020-02-18T17:10:38;5.70;;;0.70;;
24237;SDS011;12367;53.42735200;-1.47451758;2020-02-18T17:13:04;4.10;;;0.80;;
24237;SDS011;12367;53.42735200;-1.47451758;2020-02-18T17:15:32;6.70;;;0.98;;
24237;SDS011;12367;53.42735200;-1.47451758;2020-02-18T17:18:00;4.97;;;1.05;;
24237;SDS011;12367;53.42735200;-1.47451758;2020-02-18T17:20:28;4.85;;;1.30;;
24237;SDS011;12367;53.42735200;-1.47451758;2020-02-18T17:22:53;5.30;;;1.40;;
24237;SDS011;12367;53.42735200;-1.47451758;2020-02-18T17:25:19;11.30;;;1.40;;
24237;SDS011;12367;53.42735200;-1.47451758;2020-02-18T17:27:45;6.65;;;0.85;;
24237;SDS011;12367;53.42735200;-1.47451758;2020-02-18T17:30:11;7.20;;;1.52;;
24237;SDS011;12367;53.42735200;-1.47451758;2020-02-18T17:32:36;3.65;;;1.30;;
24237;SDS011;12367;53.42735200;-1.47451758;2020-02-18T17:35:02;5.22;;;0.95;;
24237;SDS011;12367;53.42735200;-1.47451758;2020-02-18T17:37:28;6.35;;;1.48;;
24237;SDS011;12367;53.42735200;-1.47451758;2020-02-18T17:39:54;6.30;;;1.12;;
24237;SDS011;12367;53.42735200;-1.47451758;2020-02-18T17:42:19;4.50;;;0.82;;
24237;SDS011;12367;53.42735200;-1.47451758;2020-02-18T17:44:45;4.03;;;1.35;;
24237;SDS011;12367;53.42735200;-1.47451758;2020-02-18T17:47:11;6.25;;;1.48;;
24237;SDS011;12367;53.42735200;-1.47451758;2020-02-18T17:49:37;8.75;;;1.70;;
24237;SDS011;12367;53.42735200;-1.47451758;2020-02-18T17:52:06;9.15;;;1.48;;
24237;SDS011;12367;53.42735200;-1.47451758;2020-02-18T17:54:32;5.47;;;1.48;;
24237;SDS011;12367;53.42735200;-1.47451758;2020-02-18T17:56:59;6.40;;;1.25;;
24237;SDS011;12367;53.42735200;-1.47451758;2020-02-18T17:59:25;7.03;;;1.65;;
24237;SDS011;12367;53.42735200;-1.47451758;2020-02-18T18:04:21;7.57;;;2.33;;
24237;SDS011;12367;53.42735200;-1.47451758;2020-02-18T18:07:06;7.30;;;2.10;;
24237;SDS011;12367;53.42735200;-1.47451758;2020-02-18T18:09:44;8.95;;;1.90;;
24237;SDS011;12367;53.42735200;-1.47451758;2020-02-18T18:12:10;7.35;;;1.50;;
24237;SDS011;12367;53.42735200;-1.47451758;2020-02-18T18:14:36;4.82;;;1.62;;
24237;SDS011;12367;53.42735200;-1.47451758;2020-02-18T18:17:02;7.97;;;2.08;;
24237;SDS011;12367;53.42735200;-1.47451758;2020-02-18T18:19:27;10.50;;;2.72;;
24237;SDS011;12367;53.42735200;-1.47451758;2020-02-18T18:21:53;7.43;;;2.50;;
24237;SDS011;12367;53.42735200;-1.47451758;2020-02-18T18:24:19;5.62;;;2.33;;
24237;SDS011;12367;53.42735200;-1.47451758;2020-02-18T18:26:44;4.03;;;2.62;;
24237;SDS011;12367;53.42735200;-1.47451758;2020-02-18T18:29:15;5.78;;;1.80;;
24237;SDS011;12367;53.42735200;-1.47451758;2020-02-18T18:31:45;8.05;;;1.60;;
24237;SDS011;12367;53.42735200;-1.47451758;2020-02-18T18:34:10;6.37;;;1.37;;
24237;SDS011;12367;53.42735200;-1.47451758;2020-02-18T18:36:36;25.45;;;13.48;;
24237;SDS011;12367;53.42735200;-1.47451758;2020-02-18T18:39:02;101.80;;;33.88;;
24237;SDS011;12367;53.42735200;-1.47451758;2020-02-18T18:41:31;177.02;;;78.85;;
24237;SDS011;12367;53.42735200;-1.47451758;2020-02-18T18:43:58;12.02;;;4.80;;
24237;SDS011;12367;53.42735200;-1.47451758;2020-02-18T18:46:24;27.10;;;14.07;;
24237;SDS011;12367;53.42735200;-1.47451758;2020-02-18T18:49:05;40.80;;;30.42;;
24237;SDS011;12367;53.42735200;-1.47451758;2020-02-18T18:51:31;18.35;;;7.47;;
24237;SDS011;12367;53.42735200;-1.47451758;2020-02-18T18:53:56;10.32;;;6.45;;
24237;SDS011;12367;53.42735200;-1.47451758;2020-02-18T18:56:24;14.93;;;5.37;;
24237;SDS011;12367;53.42735200;-1.47451758;2020-02-18T18:58:51;6.37;;;2.53;;
24237;SDS011;12367;53.42735200;-1.47451758;2020-02-18T19:01:18;6.50;;;3.00;;
24237;SDS011;12367;53.42735200;-1.47451758;2020-02-18T19:03:44;6.75;;;2.75;;
24237;SDS011;12367;53.42735200;-1.47451758;2020-02-18T19:06:10;6.55;;;3.53;;
24237;SDS011;12367;53.42735200;-1.47451758;2020-02-18T19:08:36;27.75;;;1.90;;
24237;SDS011;12367;53.42735200;-1.47451758;2020-02-18T19:11:02;13.95;;;1.37;;
24237;SDS011;12367;53.42735200;-1.47451758;2020-02-18T19:13:28;4.10;;;0.93;;
24237;SDS011;12367;53.42735200;-1.47451758;2020-02-18T19:15:54;3.20;;;1.20;;
24237;SDS011;12367;53.42735200;-1.47451758;2020-02-18T19:18:23;2.30;;;0.80;;
24237;SDS011;12367;53.42735200;-1.47451758;2020-02-18T19:20:48;2.28;;;1.17;;
24237;SDS011;12367;53.42735200;-1.47451758;2020-02-18T19:23:14;3.20;;;0.95;;
24237;SDS011;12367;53.42735200;-1.47451758;2020-02-18T19:25:40;2.20;;;0.77;;
24237;SDS011;12367;53.42735200;-1.47451758;2020-02-18T19:28:08;2.35;;;0.93;;
24237;SDS011;12367;53.42735200;-1.47451758;2020-02-18T19:30:34;1.87;;;0.70;;
24237;SDS011;12367;53.42735200;-1.47451758;2020-02-18T19:32:59;2.42;;;1.55;;
24237;SDS011;12367;53.42735200;-1.47451758;2020-02-18T19:35:26;2.47;;;1.10;;
24237;SDS011;12367;53.42735200;-1.47451758;2020-02-18T19:37:51;5.00;;;1.70;;
24237;SDS011;12367;53.42735200;-1.47451758;2020-02-18T19:40:18;8.57;;;3.28;;
24237;SDS011;12367;53.42735200;-1.47451758;2020-02-18T19:42:44;4.60;;;2.20;;
24237;SDS011;12367;53.42735200;-1.47451758;2020-02-18T19:45:10;3.37;;;1.33;;
24237;SDS011;12367;53.42735200;-1.47451758;2020-02-18T19:47:37;5.68;;;0.90;;
24237;SDS011;12367;53.42735200;-1.47451758;2020-02-18T19:50:05;3.65;;;1.17;;
24237;SDS011;12367;53.42735200;-1.47451758;2020-02-18T19:52:31;2.70;;;1.00;;
24237;SDS011;12367;53.42735200;-1.47451758;2020-02-18T19:54:56;9.25;;;0.98;;
24237;SDS011;12367;53.42735200;-1.47451758;2020-02-18T19:57:22;6.28;;;1.10;;
24237;SDS011;12367;53.42735200;-1.47451758;2020-02-18T19:59:50;8.82;;;1.37;;
24237;SDS011;12367;53.42735200;-1.47451758;2020-02-18T20:02:15;5.03;;;2.37;;
24237;SDS011;12367;53.42735200;-1.47451758;2020-02-18T20:04:42;6.03;;;2.00;;
24237;SDS011;12367;53.42735200;-1.47451758;2020-02-18T20:07:08;10.50;;;1.20;;
24237;SDS011;12367;53.42735200;-1.47451758;2020-02-18T20:09:34;8.48;;;1.20;;
24237;SDS011;12367;53.42735200;-1.47451758;2020-02-18T20:12:01;4.65;;;0.85;;
24237;SDS011;12367;53.42735200;-1.47451758;2020-02-18T20:14:27;13.40;;;1.75;;
24237;SDS011;12367;53.42735200;-1.47451758;2020-02-18T20:16:52;8.38;;;1.35;;
24237;SDS011;12367;53.42735200;-1.47451758;2020-02-18T20:19:18;6.62;;;1.27;;
24237;SDS011;12367;53.42735200;-1.47451758;2020-02-18T20:21:44;8.98;;;1.50;;
24237;SDS011;12367;53.42735200;-1.47451758;2020-02-18T20:24:09;3.87;;;1.33;;
24237;SDS011;12367;53.42735200;-1.47451758;2020-02-18T20:26:35;4.53;;;1.25;;
24237;SDS011;12367;53.42735200;-1.47451758;2020-02-18T20:29:00;3.58;;;0.80;;
24237;SDS011;12367;53.42735200;-1.47451758;2020-02-18T20:31:26;5.53;;;1.35;;
24237;SDS011;12367;53.42735200;-1.47451758;2020-02-18T20:33:51;5.70;;;1.40;;
24237;SDS011;12367;53.42735200;-1.47451758;2020-02-18T20:36:18;9.32;;;1.05;;
24237;SDS011;12367;53.42735200;-1.47451758;2020-02-18T20:38:44;5.07;;;0.90;;
24237;SDS011;12367;53.42735200;-1.47451758;2020-02-18T20:41:10;2.53;;;0.77;;
24237;SDS011;12367;53.42735200;-1.47451758;2020-02-18T20:43:36;1.20;;;0.62;;
24237;SDS011;12367;53.42735200;-1.47451758;2020-02-18T20:46:02;4.78;;;1.20;;
24237;SDS011;12367;53.42735200;-1.47451758;2020-02-18T20:48:30;4.32;;;1.08;;
24237;SDS011;12367;53.42735200;-1.47451758;2020-02-18T20:50:56;9.50;;;2.62;;
24237;SDS011;12367;53.42735200;-1.47451758;2020-02-18T20:53:21;10.20;;;2.15;;
24237;SDS011;12367;53.42735200;-1.47451758;2020-02-18T20:55:47;12.13;;;2.40;;
24237;SDS011;12367;53.42735200;-1.47451758;2020-02-18T20:58:14;10.07;;;2.90;;
24237;SDS011;12367;53.42735200;-1.47451758;2020-02-18T21:00:40;14.40;;;2.67;;
24237;SDS011;12367;53.42735200;-1.47451758;2020-02-18T21:03:05;20.17;;;3.58;;
24237;SDS011;12367;53.42735200;-1.47451758;2020-02-18T21:05:31;14.87;;;3.70;;
24237;SDS011;12367;53.42735200;-1.47451758;2020-02-18T21:07:56;13.57;;;2.55;;
24237;SDS011;12367;53.42735200;-1.47451758;2020-02-18T21:10:22;11.07;;;2.53;;
24237;SDS011;12367;53.42735200;-1.47451758;2020-02-18T21:12:48;17.85;;;2.67;;
24237;SDS011;12367;53.42735200;-1.47451758;2020-02-18T21:15:14;13.93;;;2.50;;
24237;SDS011;12367;53.42735200;-1.47451758;2020-02-18T21:17:39;15.68;;;2.40;;
24237;SDS011;12367;53.42735200;-1.47451758;2020-02-18T21:20:05;11.20;;;2.42;;
24237;SDS011;12367;53.42735200;-1.47451758;2020-02-18T21:22:30;7.47;;;2.33;;
24237;SDS011;12367;53.42735200;-1.47451758;2020-02-18T21:24:56;10.45;;;3.00;;
24237;SDS011;12367;53.42735200;-1.47451758;2020-02-18T21:27:22;17.50;;;2.67;;
24237;SDS011;12367;53.42735200;-1.47451758;2020-02-18T21:29:49;18.30;;;2.70;;
24237;SDS011;12367;53.42735200;-1.47451758;2020-02-18T21:32:15;11.05;;;2.37;;
24237;SDS011;12367;53.42735200;-1.47451758;2020-02-18T21:34:40;14.20;;;2.92;;
24237;SDS011;12367;53.42735200;-1.47451758;2020-02-18T21:37:06;11.73;;;2.75;;
24237;SDS011;12367;53.42735200;-1.47451758;2020-02-18T21:39:39;15.77;;;3.45;;
24237;SDS011;12367;53.42735200;-1.47451758;2020-02-18T21:42:06;15.75;;;2.92;;
24237;SDS011;12367;53.42735200;-1.47451758;2020-02-18T21:44:32;13.55;;;2.67;;
24237;SDS011;12367;53.42735200;-1.47451758;2020-02-18T21:46:57;11.38;;;2.50;;
24237;SDS011;12367;53.42735200;-1.47451758;2020-02-18T21:49:23;6.10;;;2.08;;
24237;SDS011;12367;53.42735200;-1.47451758;2020-02-18T21:51:48;6.10;;;1.52;;
24237;SDS011;12367;53.42735200;-1.47451758;2020-02-18T21:54:14;12.27;;;1.87;;
24237;SDS011;12367;53.42735200;-1.47451758;2020-02-18T21:56:39;15.10;;;2.65;;
24237;SDS011;12367;53.42735200;-1.47451758;2020-02-18T21:59:05;8.88;;;1.87;;
24237;SDS011;12367;53.42735200;-1.47451758;2020-02-18T22:01:31;9.15;;;1.60;;
24237;SDS011;12367;53.42735200;-1.47451758;2020-02-18T22:03:57;24.40;;;2.45;;
24237;SDS011;12367;53.42735200;-1.47451758;2020-02-18T22:06:26;22.20;;;3.22;;
24237;SDS011;12367;53.42735200;-1.47451758;2020-02-18T22:08:58;15.60;;;3.60;;
24237;SDS011;12367;53.42735200;-1.47451758;2020-02-18T22:11:27;20.70;;;2.60;;
24237;SDS011;12367;53.42735200;-1.47451758;2020-02-18T22:13:53;12.85;;;2.25;;
24237;SDS011;12367;53.42735200;-1.47451758;2020-02-18T22:16:18;24.92;;;3.28;;
24237;SDS011;12367;53.42735200;-1.47451758;2020-02-18T22:18:44;10.70;;;2.40;;
24237;SDS011;12367;53.42735200;-1.47451758;2020-02-18T22:21:10;17.80;;;2.65;;
24237;SDS011;12367;53.42735200;-1.47451758;2020-02-18T22:23:35;10.93;;;2.12;;
24237;SDS011;12367;53.42735200;-1.47451758;2020-02-18T22:26:01;18.17;;;2.50;;
24237;SDS011;12367;53.42735200;-1.47451758;2020-02-18T22:28:27;14.15;;;1.42;;
24237;SDS011;12367;53.42735200;-1.47451758;2020-02-18T22:30:53;17.12;;;1.60;;
24237;SDS011;12367;53.42735200;-1.47451758;2020-02-18T22:33:19;7.68;;;1.77;;
24237;SDS011;12367;53.42735200;-1.47451758;2020-02-18T22:35:44;10.18;;;2.67;;
24237;SDS011;12367;53.42735200;-1.47451758;2020-02-18T22:38:10;8.77;;;1.75;;
24237;SDS011;12367;53.42735200;-1.47451758;2020-02-18T22:40:36;6.75;;;1.20;;
24237;SDS011;12367;53.42735200;-1.47451758;2020-02-18T22:43:02;4.03;;;1.08;;
24237;SDS011;12367;53.42735200;-1.47451758;2020-02-18T22:45:27;8.27;;;1.60;;
24237;SDS011;12367;53.42735200;-1.47451758;2020-02-18T22:47:53;5.20;;;1.00;;
24237;SDS011;12367;53.42735200;-1.47451758;2020-02-18T22:50:19;6.15;;;1.23;;
24237;SDS011;12367;53.42735200;-1.47451758;2020-02-18T22:52:44;7.55;;;1.70;;
24237;SDS011;12367;53.42735200;-1.47451758;2020-02-18T22:55:10;5.47;;;1.37;;
24237;SDS011;12367;53.42735200;-1.47451758;2020-02-18T22:57:35;8.75;;;1.80;;
24237;SDS011;12367;53.42735200;-1.47451758;2020-02-18T23:00:03;9.45;;;1.87;;
24237;SDS011;12367;53.42735200;-1.47451758;2020-02-18T23:02:51;7.07;;;1.70;;
24237;SDS011;12367;53.42735200;-1.47451758;2020-02-18T23:05:17;5.95;;;1.25;;
24237;SDS011;12367;53.42735200;-1.47451758;2020-02-18T23:07:45;7.90;;;1.70;;
24237;SDS011;12367;53.42735200;-1.47451758;2020-02-18T23:12:57;26.95;;;2.67;;
24237;SDS011;12367;53.42735200;-1.47451758;2020-02-18T23:15:23;12.85;;;1.73;;
24237;SDS011;12367;53.42735200;-1.47451758;2020-02-18T23:17:49;10.35;;;1.85;;
24237;SDS011;12367;53.42735200;-1.47451758;2020-02-18T23:20:15;12.07;;;1.90;;
24237;SDS011;12367;53.42735200;-1.47451758;2020-02-18T23:22:41;17.92;;;2.30;;
24237;SDS011;12367;53.42735200;-1.47451758;2020-02-18T23:25:06;11.93;;;2.58;;
24237;SDS011;12367;53.42735200;-1.47451758;2020-02-18T23:27:32;12.07;;;2.58;;
24237;SDS011;12367;53.42735200;-1.47451758;2020-02-18T23:29:58;12.85;;;2.12;;
24237;SDS011;12367;53.42735200;-1.47451758;2020-02-18T23:32:23;14.65;;;2.22;;
24237;SDS011;12367;53.42735200;-1.47451758;2020-02-18T23:34:49;12.85;;;2.90;;
24237;SDS011;12367;53.42735200;-1.47451758;2020-02-18T23:37:15;17.30;;;2.05;;
24237;SDS011;12367;53.42735200;-1.47451758;2020-02-18T23:39:42;9.65;;;2.12;;
24237;SDS011;12367;53.42735200;-1.47451758;2020-02-18T23:42:08;14.18;;;2.00;;
24237;SDS011;12367;53.42735200;-1.47451758;2020-02-18T23:44:34;13.40;;;4.62;;
24237;SDS011;12367;53.42735200;-1.47451758;2020-02-18T23:47:00;17.35;;;1.90;;
24237;SDS011;12367;53.42735200;-1.47451758;2020-02-18T23:49:26;10.70;;;1.62;;
24237;SDS011;12367;53.42735200;-1.47451758;2020-02-18T23:51:52;21.00;;;3.40;;
24237;SDS011;12367;53.42735200;-1.47451758;2020-02-18T23:54:34;14.25;;;2.08;;
24237;SDS011;12367;53.42735200;-1.47451758;2020-02-18T23:57:14;11.63;;;2.00;;
24237;SDS011;12367;53.42735200;-1.47451758;2020-02-18T23:59:39;9.85;;;1.48;;
