sensor_id;sensor_type;location;lat;lon;timestamp;P1;durP1;ratioP1;P2;durP2;ratioP2
29838;SDS011;18669;53.356;-1.464;2020-03-04T00:00:34;15.38;;;5.37;;
29838;SDS011;18669;53.356;-1.464;2020-03-04T00:03:11;20.30;;;5.40;;
29838;SDS011;18669;53.356;-1.464;2020-03-04T00:05:37;19.48;;;5.90;;
29838;SDS011;18669;53.356;-1.464;2020-03-04T00:08:03;23.48;;;6.95;;
29838;SDS011;18669;53.356;-1.464;2020-03-04T00:10:29;19.52;;;5.57;;
29838;SDS011;18669;53.356;-1.464;2020-03-04T00:12:56;25.95;;;6.15;;
29838;SDS011;18669;53.356;-1.464;2020-03-04T00:15:22;24.87;;;5.85;;
29838;SDS011;18669;53.356;-1.464;2020-03-04T00:17:49;15.98;;;4.93;;
29838;SDS011;18669;53.356;-1.464;2020-03-04T00:20:16;17.60;;;6.47;;
29838;SDS011;18669;53.356;-1.464;2020-03-04T00:22:42;22.42;;;6.00;;
29838;SDS011;18669;53.356;-1.464;2020-03-04T00:25:08;25.37;;;7.18;;
29838;SDS011;18669;53.356;-1.464;2020-03-04T00:27:55;17.33;;;5.60;;
29838;SDS011;18669;53.356;-1.464;2020-03-04T00:30:25;16.60;;;5.40;;
29838;SDS011;18669;53.356;-1.464;2020-03-04T00:32:52;19.20;;;6.35;;
29838;SDS011;18669;53.356;-1.464;2020-03-04T00:35:19;29.45;;;7.65;;
29838;SDS011;18669;53.356;-1.464;2020-03-04T00:37:45;20.50;;;7.03;;
29838;SDS011;18669;53.356;-1.464;2020-03-04T00:40:11;21.70;;;7.00;;
29838;SDS011;18669;53.356;-1.464;2020-03-04T00:42:37;21.62;;;5.95;;
29838;SDS011;18669;53.356;-1.464;2020-03-04T00:45:03;18.83;;;6.10;;
29838;SDS011;18669;53.356;-1.464;2020-03-04T00:47:31;14.63;;;6.10;;
29838;SDS011;18669;53.356;-1.464;2020-03-04T00:49:58;18.50;;;5.87;;
29838;SDS011;18669;53.356;-1.464;2020-03-04T00:52:24;25.92;;;6.93;;
29838;SDS011;18669;53.356;-1.464;2020-03-04T00:54:51;19.62;;;6.62;;
29838;SDS011;18669;53.356;-1.464;2020-03-04T00:57:18;23.73;;;7.70;;
29838;SDS011;18669;53.356;-1.464;2020-03-04T00:59:44;23.05;;;7.10;;
29838;SDS011;18669;53.356;-1.464;2020-03-04T01:02:11;22.95;;;8.65;;
29838;SDS011;18669;53.356;-1.464;2020-03-04T01:04:44;25.12;;;7.22;;
29838;SDS011;18669;53.356;-1.464;2020-03-04T01:07:12;20.42;;;7.20;;
29838;SDS011;18669;53.356;-1.464;2020-03-04T01:09:38;25.50;;;8.13;;
29838;SDS011;18669;53.356;-1.464;2020-03-04T01:12:04;17.40;;;6.62;;
29838;SDS011;18669;53.356;-1.464;2020-03-04T01:14:30;22.60;;;8.32;;
29838;SDS011;18669;53.356;-1.464;2020-03-04T01:16:56;19.15;;;6.97;;
29838;SDS011;18669;53.356;-1.464;2020-03-04T01:19:22;19.52;;;6.18;;
29838;SDS011;18669;53.356;-1.464;2020-03-04T01:21:48;21.08;;;7.43;;
29838;SDS011;18669;53.356;-1.464;2020-03-04T01:24:14;19.55;;;7.12;;
29838;SDS011;18669;53.356;-1.464;2020-03-04T01:26:40;25.08;;;7.50;;
29838;SDS011;18669;53.356;-1.464;2020-03-04T01:29:06;23.02;;;6.93;;
29838;SDS011;18669;53.356;-1.464;2020-03-04T01:31:33;24.58;;;6.80;;
29838;SDS011;18669;53.356;-1.464;2020-03-04T01:33:59;24.65;;;6.87;;
29838;SDS011;18669;53.356;-1.464;2020-03-04T01:36:25;15.52;;;5.90;;
29838;SDS011;18669;53.356;-1.464;2020-03-04T01:38:51;19.50;;;6.60;;
29838;SDS011;18669;53.356;-1.464;2020-03-04T01:41:21;20.90;;;7.18;;
29838;SDS011;18669;53.356;-1.464;2020-03-04T01:43:48;17.55;;;6.87;;
29838;SDS011;18669;53.356;-1.464;2020-03-04T01:46:15;22.87;;;6.28;;
29838;SDS011;18669;53.356;-1.464;2020-03-04T01:48:42;21.70;;;6.97;;
29838;SDS011;18669;53.356;-1.464;2020-03-04T01:51:08;22.65;;;7.53;;
29838;SDS011;18669;53.356;-1.464;2020-03-04T01:53:34;14.87;;;6.22;;
29838;SDS011;18669;53.356;-1.464;2020-03-04T01:56:00;24.90;;;7.12;;
29838;SDS011;18669;53.356;-1.464;2020-03-04T01:58:26;21.35;;;6.53;;
29838;SDS011;18669;53.356;-1.464;2020-03-04T02:00:53;13.48;;;6.90;;
29838;SDS011;18669;53.356;-1.464;2020-03-04T02:03:19;18.67;;;6.12;;
29838;SDS011;18669;53.356;-1.464;2020-03-04T02:05:45;15.77;;;6.40;;
29838;SDS011;18669;53.356;-1.464;2020-03-04T02:08:11;29.17;;;6.47;;
29838;SDS011;18669;53.356;-1.464;2020-03-04T02:10:38;18.83;;;6.35;;
29838;SDS011;18669;53.356;-1.464;2020-03-04T02:13:04;26.05;;;7.80;;
29838;SDS011;18669;53.356;-1.464;2020-03-04T02:15:48;29.02;;;6.78;;
29838;SDS011;18669;53.356;-1.464;2020-03-04T02:18:21;25.05;;;7.12;;
29838;SDS011;18669;53.356;-1.464;2020-03-04T02:20:47;21.52;;;6.95;;
29838;SDS011;18669;53.356;-1.464;2020-03-04T02:23:13;20.45;;;6.82;;
29838;SDS011;18669;53.356;-1.464;2020-03-04T02:25:40;14.95;;;6.12;;
29838;SDS011;18669;53.356;-1.464;2020-03-04T02:28:15;19.50;;;7.43;;
29838;SDS011;18669;53.356;-1.464;2020-03-04T02:30:42;23.62;;;7.45;;
29838;SDS011;18669;53.356;-1.464;2020-03-04T02:33:09;18.42;;;7.80;;
29838;SDS011;18669;53.356;-1.464;2020-03-04T02:35:36;20.75;;;7.07;;
29838;SDS011;18669;53.356;-1.464;2020-03-04T02:38:02;16.45;;;7.85;;
29838;SDS011;18669;53.356;-1.464;2020-03-04T02:40:29;22.37;;;7.28;;
29838;SDS011;18669;53.356;-1.464;2020-03-04T02:42:56;19.50;;;7.35;;
29838;SDS011;18669;53.356;-1.464;2020-03-04T02:45:24;25.73;;;8.32;;
29838;SDS011;18669;53.356;-1.464;2020-03-04T02:47:51;25.83;;;9.20;;
29838;SDS011;18669;53.356;-1.464;2020-03-04T02:50:18;20.25;;;8.23;;
29838;SDS011;18669;53.356;-1.464;2020-03-04T02:52:44;16.70;;;7.80;;
29838;SDS011;18669;53.356;-1.464;2020-03-04T02:55:10;22.15;;;8.43;;
29838;SDS011;18669;53.356;-1.464;2020-03-04T02:57:37;23.40;;;7.87;;
29838;SDS011;18669;53.356;-1.464;2020-03-04T03:00:03;22.13;;;8.00;;
29838;SDS011;18669;53.356;-1.464;2020-03-04T03:02:29;23.80;;;7.97;;
29838;SDS011;18669;53.356;-1.464;2020-03-04T03:04:56;20.70;;;6.87;;
29838;SDS011;18669;53.356;-1.464;2020-03-04T03:07:22;16.33;;;7.53;;
29838;SDS011;18669;53.356;-1.464;2020-03-04T03:09:48;25.85;;;7.80;;
29838;SDS011;18669;53.356;-1.464;2020-03-04T03:12:14;32.17;;;8.52;;
29838;SDS011;18669;53.356;-1.464;2020-03-04T03:14:40;19.45;;;6.75;;
29838;SDS011;18669;53.356;-1.464;2020-03-04T03:17:06;19.73;;;7.55;;
29838;SDS011;18669;53.356;-1.464;2020-03-04T03:19:32;22.83;;;7.22;;
29838;SDS011;18669;53.356;-1.464;2020-03-04T03:21:58;28.42;;;7.35;;
29838;SDS011;18669;53.356;-1.464;2020-03-04T03:24:24;20.20;;;7.57;;
29838;SDS011;18669;53.356;-1.464;2020-03-04T03:26:51;24.55;;;7.62;;
29838;SDS011;18669;53.356;-1.464;2020-03-04T03:29:18;20.17;;;7.95;;
29838;SDS011;18669;53.356;-1.464;2020-03-04T03:31:44;19.20;;;6.75;;
29838;SDS011;18669;53.356;-1.464;2020-03-04T03:34:10;18.23;;;7.62;;
29838;SDS011;18669;53.356;-1.464;2020-03-04T03:36:36;21.60;;;8.52;;
29838;SDS011;18669;53.356;-1.464;2020-03-04T03:39:02;26.80;;;8.05;;
29838;SDS011;18669;53.356;-1.464;2020-03-04T03:41:30;25.17;;;7.55;;
29838;SDS011;18669;53.356;-1.464;2020-03-04T03:43:56;18.37;;;7.20;;
29838;SDS011;18669;53.356;-1.464;2020-03-04T03:46:23;20.55;;;7.53;;
29838;SDS011;18669;53.356;-1.464;2020-03-04T03:48:49;20.73;;;6.97;;
29838;SDS011;18669;53.356;-1.464;2020-03-04T03:51:15;19.85;;;7.07;;
29838;SDS011;18669;53.356;-1.464;2020-03-04T03:53:41;17.73;;;6.68;;
29838;SDS011;18669;53.356;-1.464;2020-03-04T03:56:08;21.12;;;7.03;;
29838;SDS011;18669;53.356;-1.464;2020-03-04T03:58:35;19.02;;;6.70;;
29838;SDS011;18669;53.356;-1.464;2020-03-04T04:01:01;26.17;;;7.90;;
29838;SDS011;18669;53.356;-1.464;2020-03-04T04:03:28;15.30;;;7.40;;
29838;SDS011;18669;53.356;-1.464;2020-03-04T04:05:54;11.45;;;6.35;;
29838;SDS011;18669;53.356;-1.464;2020-03-04T04:08:20;21.55;;;8.07;;
29838;SDS011;18669;53.356;-1.464;2020-03-04T04:10:47;20.52;;;7.05;;
29838;SDS011;18669;53.356;-1.464;2020-03-04T04:13:16;18.20;;;6.70;;
29838;SDS011;18669;53.356;-1.464;2020-03-04T04:15:44;16.35;;;6.65;;
29838;SDS011;18669;53.356;-1.464;2020-03-04T04:18:11;18.90;;;6.70;;
29838;SDS011;18669;53.356;-1.464;2020-03-04T04:20:38;25.48;;;6.93;;
29838;SDS011;18669;53.356;-1.464;2020-03-04T04:23:05;21.45;;;7.37;;
29838;SDS011;18669;53.356;-1.464;2020-03-04T04:25:45;22.23;;;6.75;;
29838;SDS011;18669;53.356;-1.464;2020-03-04T04:28:12;12.20;;;6.85;;
29838;SDS011;18669;53.356;-1.464;2020-03-04T04:30:39;20.88;;;7.97;;
29838;SDS011;18669;53.356;-1.464;2020-03-04T04:33:05;19.45;;;8.23;;
29838;SDS011;18669;53.356;-1.464;2020-03-04T04:35:31;24.17;;;8.15;;
29838;SDS011;18669;53.356;-1.464;2020-03-04T04:37:58;19.27;;;7.37;;
29838;SDS011;18669;53.356;-1.464;2020-03-04T04:40:24;23.02;;;7.87;;
29838;SDS011;18669;53.356;-1.464;2020-03-04T04:42:52;17.55;;;7.65;;
29838;SDS011;18669;53.356;-1.464;2020-03-04T04:45:21;20.48;;;7.80;;
29838;SDS011;18669;53.356;-1.464;2020-03-04T04:47:48;15.95;;;6.87;;
29838;SDS011;18669;53.356;-1.464;2020-03-04T04:50:17;21.35;;;7.00;;
29838;SDS011;18669;53.356;-1.464;2020-03-04T04:52:44;20.88;;;7.70;;
29838;SDS011;18669;53.356;-1.464;2020-03-04T04:55:11;19.65;;;7.90;;
29838;SDS011;18669;53.356;-1.464;2020-03-04T04:57:38;17.62;;;7.82;;
29838;SDS011;18669;53.356;-1.464;2020-03-04T05:00:04;20.30;;;7.82;;
29838;SDS011;18669;53.356;-1.464;2020-03-04T05:02:32;20.10;;;7.80;;
29838;SDS011;18669;53.356;-1.464;2020-03-04T05:04:58;17.40;;;7.37;;
29838;SDS011;18669;53.356;-1.464;2020-03-04T05:07:24;21.65;;;8.55;;
29838;SDS011;18669;53.356;-1.464;2020-03-04T05:09:50;22.77;;;7.82;;
29838;SDS011;18669;53.356;-1.464;2020-03-04T05:12:17;20.62;;;7.12;;
29838;SDS011;18669;53.356;-1.464;2020-03-04T05:14:43;16.95;;;7.90;;
29838;SDS011;18669;53.356;-1.464;2020-03-04T05:17:09;21.48;;;8.80;;
29838;SDS011;18669;53.356;-1.464;2020-03-04T05:19:35;21.48;;;8.98;;
29838;SDS011;18669;53.356;-1.464;2020-03-04T05:22:01;18.10;;;8.18;;
29838;SDS011;18669;53.356;-1.464;2020-03-04T05:24:28;18.10;;;8.50;;
29838;SDS011;18669;53.356;-1.464;2020-03-04T05:26:54;21.55;;;9.55;;
29838;SDS011;18669;53.356;-1.464;2020-03-04T05:29:20;29.37;;;8.48;;
29838;SDS011;18669;53.356;-1.464;2020-03-04T05:31:46;19.48;;;8.45;;
29838;SDS011;18669;53.356;-1.464;2020-03-04T05:34:12;30.17;;;9.18;;
29838;SDS011;18669;53.356;-1.464;2020-03-04T05:36:38;20.12;;;8.35;;
29838;SDS011;18669;53.356;-1.464;2020-03-04T05:39:07;24.08;;;9.10;;
29838;SDS011;18669;53.356;-1.464;2020-03-04T05:41:34;22.62;;;8.95;;
29838;SDS011;18669;53.356;-1.464;2020-03-04T05:44:01;23.60;;;9.25;;
29838;SDS011;18669;53.356;-1.464;2020-03-04T05:46:28;19.62;;;9.90;;
29838;SDS011;18669;53.356;-1.464;2020-03-04T05:48:54;26.55;;;10.20;;
29838;SDS011;18669;53.356;-1.464;2020-03-04T05:51:20;21.58;;;10.63;;
29838;SDS011;18669;53.356;-1.464;2020-03-04T05:53:46;16.67;;;8.90;;
29838;SDS011;18669;53.356;-1.464;2020-03-04T05:56:13;22.15;;;8.88;;
29838;SDS011;18669;53.356;-1.464;2020-03-04T05:58:39;25.88;;;10.13;;
29838;SDS011;18669;53.356;-1.464;2020-03-04T06:01:05;23.62;;;10.27;;
29838;SDS011;18669;53.356;-1.464;2020-03-04T06:03:32;20.83;;;9.63;;
29838;SDS011;18669;53.356;-1.464;2020-03-04T06:05:58;27.98;;;9.93;;
29838;SDS011;18669;53.356;-1.464;2020-03-04T06:08:24;27.08;;;11.00;;
29838;SDS011;18669;53.356;-1.464;2020-03-04T06:10:50;21.10;;;10.00;;
29838;SDS011;18669;53.356;-1.464;2020-03-04T06:13:16;32.85;;;12.02;;
29838;SDS011;18669;53.356;-1.464;2020-03-04T06:15:42;25.80;;;10.93;;
29838;SDS011;18669;53.356;-1.464;2020-03-04T06:18:09;21.42;;;9.98;;
29838;SDS011;18669;53.356;-1.464;2020-03-04T06:20:36;27.58;;;11.23;;
29838;SDS011;18669;53.356;-1.464;2020-03-04T06:23:03;27.50;;;10.60;;
29838;SDS011;18669;53.356;-1.464;2020-03-04T06:25:29;19.05;;;9.75;;
29838;SDS011;18669;53.356;-1.464;2020-03-04T06:27:56;22.15;;;10.30;;
29838;SDS011;18669;53.356;-1.464;2020-03-04T06:30:22;26.83;;;10.77;;
29838;SDS011;18669;53.356;-1.464;2020-03-04T06:32:48;24.77;;;10.50;;
29838;SDS011;18669;53.356;-1.464;2020-03-04T06:35:15;23.85;;;11.00;;
29838;SDS011;18669;53.356;-1.464;2020-03-04T06:37:42;33.50;;;12.05;;
29838;SDS011;18669;53.356;-1.464;2020-03-04T06:40:10;31.55;;;11.52;;
29838;SDS011;18669;53.356;-1.464;2020-03-04T06:42:37;20.42;;;10.25;;
29838;SDS011;18669;53.356;-1.464;2020-03-04T06:45:03;25.83;;;10.00;;
29838;SDS011;18669;53.356;-1.464;2020-03-04T06:47:29;22.58;;;9.90;;
29838;SDS011;18669;53.356;-1.464;2020-03-04T06:49:55;25.75;;;11.05;;
29838;SDS011;18669;53.356;-1.464;2020-03-04T06:52:21;29.80;;;10.90;;
29838;SDS011;18669;53.356;-1.464;2020-03-04T06:54:47;23.17;;;10.90;;
29838;SDS011;18669;53.356;-1.464;2020-03-04T06:57:13;23.23;;;10.30;;
29838;SDS011;18669;53.356;-1.464;2020-03-04T06:59:39;29.48;;;10.60;;
29838;SDS011;18669;53.356;-1.464;2020-03-04T07:02:05;23.52;;;11.50;;
29838;SDS011;18669;53.356;-1.464;2020-03-04T07:04:31;22.85;;;10.52;;
29838;SDS011;18669;53.356;-1.464;2020-03-04T07:06:57;25.10;;;10.70;;
29838;SDS011;18669;53.356;-1.464;2020-03-04T07:09:42;33.47;;;12.45;;
29838;SDS011;18669;53.356;-1.464;2020-03-04T07:12:10;28.70;;;10.23;;
29838;SDS011;18669;53.356;-1.464;2020-03-04T07:14:36;27.65;;;12.00;;
29838;SDS011;18669;53.356;-1.464;2020-03-04T07:17:08;25.08;;;10.95;;
29838;SDS011;18669;53.356;-1.464;2020-03-04T07:19:35;26.62;;;10.70;;
29838;SDS011;18669;53.356;-1.464;2020-03-04T07:22:02;20.88;;;10.00;;
29838;SDS011;18669;53.356;-1.464;2020-03-04T07:24:29;25.48;;;11.23;;
29838;SDS011;18669;53.356;-1.464;2020-03-04T07:26:55;20.95;;;10.82;;
29838;SDS011;18669;53.356;-1.464;2020-03-04T07:29:21;29.10;;;10.98;;
29838;SDS011;18669;53.356;-1.464;2020-03-04T07:31:47;23.05;;;10.15;;
29838;SDS011;18669;53.356;-1.464;2020-03-04T07:34:13;19.17;;;10.32;;
29838;SDS011;18669;53.356;-1.464;2020-03-04T07:36:40;28.48;;;10.93;;
29838;SDS011;18669;53.356;-1.464;2020-03-04T07:39:06;25.70;;;10.25;;
29838;SDS011;18669;53.356;-1.464;2020-03-04T07:41:35;25.67;;;10.07;;
29838;SDS011;18669;53.356;-1.464;2020-03-04T07:44:02;24.27;;;11.48;;
29838;SDS011;18669;53.356;-1.464;2020-03-04T07:46:28;18.48;;;9.20;;
29838;SDS011;18669;53.356;-1.464;2020-03-04T07:48:55;21.40;;;9.88;;
29838;SDS011;18669;53.356;-1.464;2020-03-04T07:51:21;22.13;;;9.40;;
29838;SDS011;18669;53.356;-1.464;2020-03-04T07:53:47;25.40;;;10.45;;
29838;SDS011;18669;53.356;-1.464;2020-03-04T07:56:13;19.75;;;9.38;;
29838;SDS011;18669;53.356;-1.464;2020-03-04T07:58:39;22.70;;;9.52;;
29838;SDS011;18669;53.356;-1.464;2020-03-04T08:01:05;25.50;;;10.68;;
29838;SDS011;18669;53.356;-1.464;2020-03-04T08:03:31;23.90;;;11.02;;
29838;SDS011;18669;53.356;-1.464;2020-03-04T08:05:57;18.87;;;9.55;;
29838;SDS011;18669;53.356;-1.464;2020-03-04T08:08:23;19.00;;;9.73;;
29838;SDS011;18669;53.356;-1.464;2020-03-04T08:10:49;27.30;;;10.10;;
29838;SDS011;18669;53.356;-1.464;2020-03-04T08:13:15;22.35;;;9.23;;
29838;SDS011;18669;53.356;-1.464;2020-03-04T08:15:41;18.17;;;9.70;;
29838;SDS011;18669;53.356;-1.464;2020-03-04T08:18:07;19.30;;;9.63;;
29838;SDS011;18669;53.356;-1.464;2020-03-04T08:20:33;20.45;;;9.80;;
29838;SDS011;18669;53.356;-1.464;2020-03-04T08:23:00;18.15;;;9.50;;
29838;SDS011;18669;53.356;-1.464;2020-03-04T08:25:26;24.90;;;9.15;;
29838;SDS011;18669;53.356;-1.464;2020-03-04T08:27:52;20.88;;;8.48;;
29838;SDS011;18669;53.356;-1.464;2020-03-04T08:30:18;12.90;;;7.62;;
29838;SDS011;18669;53.356;-1.464;2020-03-04T08:32:44;17.75;;;8.80;;
29838;SDS011;18669;53.356;-1.464;2020-03-04T08:35:11;17.60;;;8.45;;
29838;SDS011;18669;53.356;-1.464;2020-03-04T08:37:37;17.42;;;8.55;;
29838;SDS011;18669;53.356;-1.464;2020-03-04T08:40:03;15.65;;;7.45;;
29838;SDS011;18669;53.356;-1.464;2020-03-04T08:42:30;13.88;;;7.50;;
29838;SDS011;18669;53.356;-1.464;2020-03-04T08:44:56;13.85;;;7.28;;
29838;SDS011;18669;53.356;-1.464;2020-03-04T08:47:22;15.88;;;7.22;;
29838;SDS011;18669;53.356;-1.464;2020-03-04T08:49:48;16.23;;;7.28;;
29838;SDS011;18669;53.356;-1.464;2020-03-04T08:52:14;11.77;;;6.65;;
29838;SDS011;18669;53.356;-1.464;2020-03-04T08:54:40;17.87;;;7.05;;
29838;SDS011;18669;53.356;-1.464;2020-03-04T08:57:06;15.48;;;5.93;;
29838;SDS011;18669;53.356;-1.464;2020-03-04T08:59:32;13.32;;;5.80;;
29838;SDS011;18669;53.356;-1.464;2020-03-04T09:01:59;15.88;;;6.53;;
29838;SDS011;18669;53.356;-1.464;2020-03-04T09:04:25;19.77;;;7.00;;
29838;SDS011;18669;53.356;-1.464;2020-03-04T09:06:51;13.20;;;6.15;;
29838;SDS011;18669;53.356;-1.464;2020-03-04T09:09:17;17.33;;;5.80;;
29838;SDS011;18669;53.356;-1.464;2020-03-04T09:11:43;13.02;;;5.20;;
29838;SDS011;18669;53.356;-1.464;2020-03-04T09:14:09;19.42;;;7.00;;
29838;SDS011;18669;53.356;-1.464;2020-03-04T09:16:35;14.20;;;7.50;;
29838;SDS011;18669;53.356;-1.464;2020-03-04T09:19:02;17.37;;;7.50;;
29838;SDS011;18669;53.356;-1.464;2020-03-04T09:21:28;14.57;;;4.50;;
29838;SDS011;18669;53.356;-1.464;2020-03-04T09:23:54;13.25;;;4.47;;
29838;SDS011;18669;53.356;-1.464;2020-03-04T09:26:21;15.13;;;4.40;;
29838;SDS011;18669;53.356;-1.464;2020-03-04T09:28:47;16.98;;;4.12;;
29838;SDS011;18669;53.356;-1.464;2020-03-04T09:31:14;10.82;;;4.72;;
29838;SDS011;18669;53.356;-1.464;2020-03-04T09:33:40;11.93;;;4.30;;
29838;SDS011;18669;53.356;-1.464;2020-03-04T09:36:06;15.32;;;4.35;;
29838;SDS011;18669;53.356;-1.464;2020-03-04T09:38:32;14.07;;;4.40;;
29838;SDS011;18669;53.356;-1.464;2020-03-04T09:41:06;10.68;;;4.00;;
29838;SDS011;18669;53.356;-1.464;2020-03-04T09:46:00;14.18;;;4.37;;
29838;SDS011;18669;53.356;-1.464;2020-03-04T09:48:26;13.98;;;5.78;;
29838;SDS011;18669;53.356;-1.464;2020-03-04T09:50:53;14.00;;;5.32;;
29838;SDS011;18669;53.356;-1.464;2020-03-04T09:53:20;17.10;;;5.30;;
29838;SDS011;18669;53.356;-1.464;2020-03-04T09:55:47;19.40;;;8.07;;
29838;SDS011;18669;53.356;-1.464;2020-03-04T09:58:13;24.42;;;12.63;;
29838;SDS011;18669;53.356;-1.464;2020-03-04T10:00:39;23.30;;;8.18;;
29838;SDS011;18669;53.356;-1.464;2020-03-04T10:03:05;20.10;;;9.32;;
29838;SDS011;18669;53.356;-1.464;2020-03-04T10:05:31;23.60;;;7.50;;
29838;SDS011;18669;53.356;-1.464;2020-03-04T10:07:57;17.90;;;6.60;;
29838;SDS011;18669;53.356;-1.464;2020-03-04T10:10:23;14.73;;;6.40;;
29838;SDS011;18669;53.356;-1.464;2020-03-04T10:12:50;14.70;;;5.00;;
29838;SDS011;18669;53.356;-1.464;2020-03-04T10:15:17;15.10;;;5.62;;
29838;SDS011;18669;53.356;-1.464;2020-03-04T10:17:43;19.25;;;7.97;;
29838;SDS011;18669;53.356;-1.464;2020-03-04T10:20:13;15.90;;;5.80;;
29838;SDS011;18669;53.356;-1.464;2020-03-04T10:22:40;17.85;;;5.53;;
29838;SDS011;18669;53.356;-1.464;2020-03-04T10:25:06;11.93;;;6.18;;
29838;SDS011;18669;53.356;-1.464;2020-03-04T10:27:32;17.12;;;5.60;;
29838;SDS011;18669;53.356;-1.464;2020-03-04T10:29:58;15.05;;;5.85;;
29838;SDS011;18669;53.356;-1.464;2020-03-04T10:32:24;19.62;;;7.25;;
29838;SDS011;18669;53.356;-1.464;2020-03-04T10:34:50;18.48;;;5.80;;
29838;SDS011;18669;53.356;-1.464;2020-03-04T10:37:16;15.18;;;5.57;;
29838;SDS011;18669;53.356;-1.464;2020-03-04T10:39:43;21.67;;;6.07;;
29838;SDS011;18669;53.356;-1.464;2020-03-04T10:42:09;16.55;;;5.57;;
29838;SDS011;18669;53.356;-1.464;2020-03-04T10:44:35;14.00;;;5.82;;
29838;SDS011;18669;53.356;-1.464;2020-03-04T10:47:01;12.45;;;5.45;;
29838;SDS011;18669;53.356;-1.464;2020-03-04T10:49:27;17.00;;;5.55;;
29838;SDS011;18669;53.356;-1.464;2020-03-04T10:51:53;18.45;;;7.37;;
29838;SDS011;18669;53.356;-1.464;2020-03-04T10:54:19;24.48;;;6.50;;
29838;SDS011;18669;53.356;-1.464;2020-03-04T10:56:45;15.23;;;5.30;;
29838;SDS011;18669;53.356;-1.464;2020-03-04T10:59:11;18.75;;;6.12;;
29838;SDS011;18669;53.356;-1.464;2020-03-04T11:01:37;13.07;;;4.75;;
29838;SDS011;18669;53.356;-1.464;2020-03-04T11:04:04;17.70;;;5.07;;
29838;SDS011;18669;53.356;-1.464;2020-03-04T11:06:30;16.12;;;4.85;;
29838;SDS011;18669;53.356;-1.464;2020-03-04T11:08:56;15.15;;;5.40;;
29838;SDS011;18669;53.356;-1.464;2020-03-04T11:11:22;18.90;;;5.40;;
29838;SDS011;18669;53.356;-1.464;2020-03-04T11:13:48;10.77;;;5.43;;
29838;SDS011;18669;53.356;-1.464;2020-03-04T11:16:14;16.15;;;6.28;;
29838;SDS011;18669;53.356;-1.464;2020-03-04T11:18:40;21.42;;;6.40;;
29838;SDS011;18669;53.356;-1.464;2020-03-04T11:21:07;17.35;;;6.53;;
29838;SDS011;18669;53.356;-1.464;2020-03-04T11:23:33;18.20;;;6.43;;
29838;SDS011;18669;53.356;-1.464;2020-03-04T11:25:59;17.58;;;6.43;;
29838;SDS011;18669;53.356;-1.464;2020-03-04T11:28:25;14.07;;;7.05;;
29838;SDS011;18669;53.356;-1.464;2020-03-04T11:30:51;19.20;;;6.60;;
29838;SDS011;18669;53.356;-1.464;2020-03-04T11:33:17;24.08;;;6.75;;
29838;SDS011;18669;53.356;-1.464;2020-03-04T11:35:43;15.93;;;6.00;;
29838;SDS011;18669;53.356;-1.464;2020-03-04T11:38:09;16.20;;;6.35;;
29838;SDS011;18669;53.356;-1.464;2020-03-04T11:40:54;15.80;;;6.07;;
29838;SDS011;18669;53.356;-1.464;2020-03-04T11:43:27;19.80;;;6.78;;
29838;SDS011;18669;53.356;-1.464;2020-03-04T11:46:00;16.25;;;6.15;;
29838;SDS011;18669;53.356;-1.464;2020-03-04T11:48:26;17.52;;;6.35;;
29838;SDS011;18669;53.356;-1.464;2020-03-04T11:50:52;16.15;;;6.37;;
29838;SDS011;18669;53.356;-1.464;2020-03-04T11:53:18;24.35;;;8.55;;
29838;SDS011;18669;53.356;-1.464;2020-03-04T11:55:44;14.65;;;6.70;;
29838;SDS011;18669;53.356;-1.464;2020-03-04T11:58:11;17.23;;;6.30;;
29838;SDS011;18669;53.356;-1.464;2020-03-04T12:00:37;15.70;;;6.47;;
29838;SDS011;18669;53.356;-1.464;2020-03-04T12:03:04;15.50;;;5.68;;
29838;SDS011;18669;53.356;-1.464;2020-03-04T12:05:33;14.27;;;5.50;;
29838;SDS011;18669;53.356;-1.464;2020-03-04T12:08:03;15.13;;;6.35;;
29838;SDS011;18669;53.356;-1.464;2020-03-04T12:10:33;18.00;;;5.75;;
29838;SDS011;18669;53.356;-1.464;2020-03-04T12:13:03;13.60;;;5.18;;
29838;SDS011;18669;53.356;-1.464;2020-03-04T12:15:34;21.12;;;5.75;;
29838;SDS011;18669;53.356;-1.464;2020-03-04T12:18:03;18.27;;;6.18;;
29838;SDS011;18669;53.356;-1.464;2020-03-04T12:20:32;19.40;;;6.95;;
29838;SDS011;18669;53.356;-1.464;2020-03-04T12:23:02;15.63;;;5.80;;
29838;SDS011;18669;53.356;-1.464;2020-03-04T12:25:32;19.30;;;5.65;;
29838;SDS011;18669;53.356;-1.464;2020-03-04T12:28:04;19.33;;;7.78;;
29838;SDS011;18669;53.356;-1.464;2020-03-04T12:30:34;14.02;;;4.87;;
29838;SDS011;18669;53.356;-1.464;2020-03-04T12:33:04;15.30;;;4.47;;
29838;SDS011;18669;53.356;-1.464;2020-03-04T12:35:30;14.55;;;5.50;;
29838;SDS011;18669;53.356;-1.464;2020-03-04T12:37:56;13.57;;;4.37;;
29838;SDS011;18669;53.356;-1.464;2020-03-04T12:40:23;12.75;;;5.10;;
29838;SDS011;18669;53.356;-1.464;2020-03-04T12:42:49;13.93;;;5.72;;
29838;SDS011;18669;53.356;-1.464;2020-03-04T12:45:15;15.20;;;5.70;;
29838;SDS011;18669;53.356;-1.464;2020-03-04T12:47:41;15.80;;;6.85;;
29838;SDS011;18669;53.356;-1.464;2020-03-04T12:50:07;19.20;;;6.05;;
29838;SDS011;18669;53.356;-1.464;2020-03-04T12:52:36;18.10;;;5.85;;
29838;SDS011;18669;53.356;-1.464;2020-03-04T12:55:02;12.68;;;6.00;;
29838;SDS011;18669;53.356;-1.464;2020-03-04T12:57:29;15.18;;;5.53;;
29838;SDS011;18669;53.356;-1.464;2020-03-04T13:00:04;16.95;;;4.90;;
29838;SDS011;18669;53.356;-1.464;2020-03-04T13:02:31;13.15;;;4.35;;
29838;SDS011;18669;53.356;-1.464;2020-03-04T13:05:00;13.55;;;3.78;;
29838;SDS011;18669;53.356;-1.464;2020-03-04T13:07:26;12.95;;;3.95;;
29838;SDS011;18669;53.356;-1.464;2020-03-04T13:09:52;12.82;;;3.58;;
29838;SDS011;18669;53.356;-1.464;2020-03-04T13:12:18;16.85;;;3.30;;
29838;SDS011;18669;53.356;-1.464;2020-03-04T13:14:44;13.70;;;3.53;;
29838;SDS011;18669;53.356;-1.464;2020-03-04T13:17:10;13.68;;;3.47;;
29838;SDS011;18669;53.356;-1.464;2020-03-04T13:19:40;7.87;;;3.22;;
29838;SDS011;18669;53.356;-1.464;2020-03-04T13:22:07;9.70;;;3.10;;
29838;SDS011;18669;53.356;-1.464;2020-03-04T13:24:33;12.57;;;3.42;;
29838;SDS011;18669;53.356;-1.464;2020-03-04T13:26:59;14.18;;;4.95;;
29838;SDS011;18669;53.356;-1.464;2020-03-04T13:29:25;12.75;;;4.30;;
29838;SDS011;18669;53.356;-1.464;2020-03-04T13:31:52;15.57;;;3.12;;
29838;SDS011;18669;53.356;-1.464;2020-03-04T13:34:18;11.10;;;3.53;;
29838;SDS011;18669;53.356;-1.464;2020-03-04T13:36:44;9.85;;;2.75;;
29838;SDS011;18669;53.356;-1.464;2020-03-04T13:39:12;9.43;;;3.47;;
29838;SDS011;18669;53.356;-1.464;2020-03-04T13:41:39;7.85;;;3.03;;
29838;SDS011;18669;53.356;-1.464;2020-03-04T13:44:05;10.63;;;3.28;;
29838;SDS011;18669;53.356;-1.464;2020-03-04T13:46:32;13.62;;;4.68;;
29838;SDS011;18669;53.356;-1.464;2020-03-04T13:49:00;12.88;;;4.32;;
29838;SDS011;18669;53.356;-1.464;2020-03-04T13:51:27;8.98;;;2.75;;
29838;SDS011;18669;53.356;-1.464;2020-03-04T13:53:53;13.23;;;3.50;;
29838;SDS011;18669;53.356;-1.464;2020-03-04T13:56:20;11.40;;;3.30;;
29838;SDS011;18669;53.356;-1.464;2020-03-04T13:58:48;8.65;;;2.70;;
29838;SDS011;18669;53.356;-1.464;2020-03-04T14:01:16;12.65;;;3.70;;
29838;SDS011;18669;53.356;-1.464;2020-03-04T14:03:43;10.98;;;3.92;;
29838;SDS011;18669;53.356;-1.464;2020-03-04T14:06:10;12.02;;;4.22;;
29838;SDS011;18669;53.356;-1.464;2020-03-04T14:08:40;13.40;;;7.65;;
29838;SDS011;18669;53.356;-1.464;2020-03-04T14:11:24;9.93;;;3.20;;
29838;SDS011;18669;53.356;-1.464;2020-03-04T14:13:52;13.10;;;4.60;;
29838;SDS011;18669;53.356;-1.464;2020-03-04T14:16:23;9.00;;;2.78;;
29838;SDS011;18669;53.356;-1.464;2020-03-04T14:18:50;9.18;;;3.03;;
29838;SDS011;18669;53.356;-1.464;2020-03-04T14:21:17;8.48;;;2.92;;
29838;SDS011;18669;53.356;-1.464;2020-03-04T14:23:43;11.38;;;2.72;;
29838;SDS011;18669;53.356;-1.464;2020-03-04T14:26:10;17.02;;;3.47;;
29838;SDS011;18669;53.356;-1.464;2020-03-04T14:28:39;14.05;;;3.65;;
29838;SDS011;18669;53.356;-1.464;2020-03-04T14:31:05;15.32;;;3.95;;
29838;SDS011;18669;53.356;-1.464;2020-03-04T14:33:31;11.57;;;3.53;;
29838;SDS011;18669;53.356;-1.464;2020-03-04T14:35:57;10.73;;;3.03;;
29838;SDS011;18669;53.356;-1.464;2020-03-04T14:38:23;11.55;;;4.07;;
29838;SDS011;18669;53.356;-1.464;2020-03-04T14:40:50;13.10;;;3.25;;
29838;SDS011;18669;53.356;-1.464;2020-03-04T14:43:16;10.50;;;3.05;;
29838;SDS011;18669;53.356;-1.464;2020-03-04T14:45:42;8.77;;;2.80;;
29838;SDS011;18669;53.356;-1.464;2020-03-04T14:48:09;11.50;;;4.37;;
29838;SDS011;18669;53.356;-1.464;2020-03-04T14:50:37;10.77;;;3.83;;
29838;SDS011;18669;53.356;-1.464;2020-03-04T14:53:04;10.00;;;4.65;;
29838;SDS011;18669;53.356;-1.464;2020-03-04T14:55:31;18.80;;;9.43;;
29838;SDS011;18669;53.356;-1.464;2020-03-04T14:57:57;12.60;;;3.53;;
29838;SDS011;18669;53.356;-1.464;2020-03-04T15:00:23;7.40;;;3.42;;
29838;SDS011;18669;53.356;-1.464;2020-03-04T15:02:49;11.02;;;4.15;;
29838;SDS011;18669;53.356;-1.464;2020-03-04T15:05:15;11.85;;;3.97;;
29838;SDS011;18669;53.356;-1.464;2020-03-04T15:07:44;14.75;;;4.80;;
29838;SDS011;18669;53.356;-1.464;2020-03-04T15:10:18;11.82;;;4.57;;
29838;SDS011;18669;53.356;-1.464;2020-03-04T15:12:53;14.52;;;4.37;;
29838;SDS011;18669;53.356;-1.464;2020-03-04T15:15:26;13.95;;;4.18;;
29838;SDS011;18669;53.356;-1.464;2020-03-04T15:17:52;11.07;;;4.90;;
29838;SDS011;18669;53.356;-1.464;2020-03-04T15:20:20;18.92;;;3.90;;
29838;SDS011;18669;53.356;-1.464;2020-03-04T15:23:01;16.00;;;4.05;;
29838;SDS011;18669;53.356;-1.464;2020-03-04T15:26:05;13.90;;;4.20;;
29838;SDS011;18669;53.356;-1.464;2020-03-04T15:28:34;12.85;;;3.97;;
29838;SDS011;18669;53.356;-1.464;2020-03-04T15:31:02;12.25;;;3.15;;
29838;SDS011;18669;53.356;-1.464;2020-03-04T15:33:42;9.02;;;2.83;;
29838;SDS011;18669;53.356;-1.464;2020-03-04T15:36:44;9.52;;;2.72;;
29838;SDS011;18669;53.356;-1.464;2020-03-04T15:39:58;18.98;;;3.42;;
29838;SDS011;18669;53.356;-1.464;2020-03-04T15:42:31;19.02;;;3.03;;
29838;SDS011;18669;53.356;-1.464;2020-03-04T15:45:08;7.03;;;2.50;;
29838;SDS011;18669;53.356;-1.464;2020-03-04T15:50:37;11.38;;;4.55;;
29838;SDS011;18669;53.356;-1.464;2020-03-04T15:53:06;15.07;;;3.83;;
29838;SDS011;18669;53.356;-1.464;2020-03-04T15:55:39;8.23;;;3.08;;
29838;SDS011;18669;53.356;-1.464;2020-03-04T15:58:50;15.25;;;3.87;;
29838;SDS011;18669;53.356;-1.464;2020-03-04T16:01:53;15.95;;;3.70;;
29838;SDS011;18669;53.356;-1.464;2020-03-04T16:05:02;17.02;;;5.10;;
29838;SDS011;18669;53.356;-1.464;2020-03-04T16:08:03;11.95;;;5.00;;
29838;SDS011;18669;53.356;-1.464;2020-03-04T16:11:03;14.82;;;5.62;;
29838;SDS011;18669;53.356;-1.464;2020-03-04T16:14:02;18.73;;;5.15;;
29838;SDS011;18669;53.356;-1.464;2020-03-04T16:16:57;10.20;;;4.43;;
29838;SDS011;18669;53.356;-1.464;2020-03-04T16:19:55;16.62;;;4.20;;
29838;SDS011;18669;53.356;-1.464;2020-03-04T16:25:57;13.30;;;4.28;;
29838;SDS011;18669;53.356;-1.464;2020-03-04T16:28:31;14.07;;;4.25;;
29838;SDS011;18669;53.356;-1.464;2020-03-04T16:30:57;11.12;;;3.67;;
29838;SDS011;18669;53.356;-1.464;2020-03-04T16:33:29;21.08;;;6.40;;
29838;SDS011;18669;53.356;-1.464;2020-03-04T16:35:55;16.95;;;5.65;;
29838;SDS011;18669;53.356;-1.464;2020-03-04T16:38:41;19.40;;;5.07;;
29838;SDS011;18669;53.356;-1.464;2020-03-04T16:41:11;14.18;;;4.55;;
29838;SDS011;18669;53.356;-1.464;2020-03-04T16:43:37;14.93;;;4.82;;
29838;SDS011;18669;53.356;-1.464;2020-03-04T16:46:18;11.48;;;3.90;;
29838;SDS011;18669;53.356;-1.464;2020-03-04T16:49:02;16.17;;;5.35;;
29838;SDS011;18669;53.356;-1.464;2020-03-04T16:52:09;13.88;;;5.25;;
29838;SDS011;18669;53.356;-1.464;2020-03-04T16:55:11;12.73;;;4.85;;
29838;SDS011;18669;53.356;-1.464;2020-03-04T16:58:26;14.98;;;4.87;;
29838;SDS011;18669;53.356;-1.464;2020-03-04T17:01:26;13.60;;;5.15;;
29838;SDS011;18669;53.356;-1.464;2020-03-04T17:04:33;21.10;;;4.73;;
29838;SDS011;18669;53.356;-1.464;2020-03-04T17:07:42;14.05;;;4.80;;
29838;SDS011;18669;53.356;-1.464;2020-03-04T17:10:29;18.37;;;5.03;;
29838;SDS011;18669;53.356;-1.464;2020-03-04T17:12:58;15.27;;;4.80;;
29838;SDS011;18669;53.356;-1.464;2020-03-04T17:15:24;11.43;;;5.18;;
29838;SDS011;18669;53.356;-1.464;2020-03-04T17:18:03;26.58;;;5.62;;
29838;SDS011;18669;53.356;-1.464;2020-03-04T17:20:29;22.23;;;4.80;;
29838;SDS011;18669;53.356;-1.464;2020-03-04T17:23:02;17.58;;;5.10;;
29838;SDS011;18669;53.356;-1.464;2020-03-04T17:25:59;18.55;;;5.20;;
29838;SDS011;18669;53.356;-1.464;2020-03-04T17:28:31;18.20;;;5.15;;
29838;SDS011;18669;53.356;-1.464;2020-03-04T17:31:04;15.90;;;4.82;;
29838;SDS011;18669;53.356;-1.464;2020-03-04T17:33:31;14.98;;;4.70;;
29838;SDS011;18669;53.356;-1.464;2020-03-04T17:35:58;13.82;;;4.18;;
29838;SDS011;18669;53.356;-1.464;2020-03-04T17:38:30;12.25;;;4.60;;
29838;SDS011;18669;53.356;-1.464;2020-03-04T17:40:56;16.50;;;4.62;;
29838;SDS011;18669;53.356;-1.464;2020-03-04T17:43:23;19.45;;;6.10;;
29838;SDS011;18669;53.356;-1.464;2020-03-04T17:45:52;24.73;;;7.82;;
29838;SDS011;18669;53.356;-1.464;2020-03-04T17:48:20;20.60;;;6.47;;
29838;SDS011;18669;53.356;-1.464;2020-03-04T17:50:46;19.02;;;6.62;;
29838;SDS011;18669;53.356;-1.464;2020-03-04T17:53:16;21.67;;;8.35;;
29838;SDS011;18669;53.356;-1.464;2020-03-04T17:55:42;29.98;;;9.85;;
29838;SDS011;18669;53.356;-1.464;2020-03-04T17:58:08;17.02;;;6.22;;
29838;SDS011;18669;53.356;-1.464;2020-03-04T18:00:34;22.33;;;7.55;;
29838;SDS011;18669;53.356;-1.464;2020-03-04T18:03:00;21.00;;;7.80;;
29838;SDS011;18669;53.356;-1.464;2020-03-04T18:05:26;23.23;;;7.60;;
29838;SDS011;18669;53.356;-1.464;2020-03-04T18:07:52;22.23;;;7.57;;
29838;SDS011;18669;53.356;-1.464;2020-03-04T18:10:18;24.02;;;8.23;;
29838;SDS011;18669;53.356;-1.464;2020-03-04T18:12:49;22.45;;;8.85;;
29838;SDS011;18669;53.356;-1.464;2020-03-04T18:15:25;24.75;;;10.40;;
29838;SDS011;18669;53.356;-1.464;2020-03-04T18:17:59;23.58;;;10.40;;
29838;SDS011;18669;53.356;-1.464;2020-03-04T18:20:27;21.92;;;9.60;;
29838;SDS011;18669;53.356;-1.464;2020-03-04T18:22:54;22.62;;;9.95;;
29838;SDS011;18669;53.356;-1.464;2020-03-04T18:25:20;24.73;;;9.38;;
29838;SDS011;18669;53.356;-1.464;2020-03-04T18:27:47;23.30;;;9.32;;
29838;SDS011;18669;53.356;-1.464;2020-03-04T18:30:15;26.02;;;10.73;;
29838;SDS011;18669;53.356;-1.464;2020-03-04T18:32:41;28.58;;;10.80;;
29838;SDS011;18669;53.356;-1.464;2020-03-04T18:35:08;28.83;;;9.65;;
29838;SDS011;18669;53.356;-1.464;2020-03-04T18:37:36;27.65;;;10.18;;
29838;SDS011;18669;53.356;-1.464;2020-03-04T18:40:03;43.25;;;10.65;;
29838;SDS011;18669;53.356;-1.464;2020-03-04T18:42:30;22.13;;;10.43;;
29838;SDS011;18669;53.356;-1.464;2020-03-04T18:44:58;37.17;;;10.52;;
29838;SDS011;18669;53.356;-1.464;2020-03-04T18:47:24;23.65;;;10.90;;
29838;SDS011;18669;53.356;-1.464;2020-03-04T18:49:51;25.33;;;9.63;;
29838;SDS011;18669;53.356;-1.464;2020-03-04T18:52:18;28.38;;;8.43;;
29838;SDS011;18669;53.356;-1.464;2020-03-04T18:54:44;20.98;;;8.85;;
29838;SDS011;18669;53.356;-1.464;2020-03-04T18:57:10;23.58;;;10.45;;
29838;SDS011;18669;53.356;-1.464;2020-03-04T18:59:39;36.28;;;14.35;;
29838;SDS011;18669;53.356;-1.464;2020-03-04T19:02:05;33.88;;;15.75;;
29838;SDS011;18669;53.356;-1.464;2020-03-04T19:04:31;30.23;;;13.05;;
29838;SDS011;18669;53.356;-1.464;2020-03-04T19:06:57;34.53;;;12.05;;
29838;SDS011;18669;53.356;-1.464;2020-03-04T19:09:23;26.30;;;11.57;;
29838;SDS011;18669;53.356;-1.464;2020-03-04T19:11:50;32.17;;;12.32;;
29838;SDS011;18669;53.356;-1.464;2020-03-04T19:14:24;30.37;;;12.25;;
29838;SDS011;18669;53.356;-1.464;2020-03-04T19:16:52;41.30;;;13.38;;
29838;SDS011;18669;53.356;-1.464;2020-03-04T19:19:20;32.13;;;12.90;;
29838;SDS011;18669;53.356;-1.464;2020-03-04T19:21:46;29.73;;;12.85;;
29838;SDS011;18669;53.356;-1.464;2020-03-04T19:24:13;33.17;;;12.57;;
29838;SDS011;18669;53.356;-1.464;2020-03-04T19:26:40;32.42;;;13.77;;
29838;SDS011;18669;53.356;-1.464;2020-03-04T19:29:06;38.97;;;14.60;;
29838;SDS011;18669;53.356;-1.464;2020-03-04T19:31:32;49.42;;;19.00;;
29838;SDS011;18669;53.356;-1.464;2020-03-04T19:33:59;29.65;;;12.40;;
29838;SDS011;18669;53.356;-1.464;2020-03-04T19:36:25;34.60;;;13.77;;
29838;SDS011;18669;53.356;-1.464;2020-03-04T19:38:52;33.58;;;12.23;;
29838;SDS011;18669;53.356;-1.464;2020-03-04T19:41:18;28.42;;;12.40;;
29838;SDS011;18669;53.356;-1.464;2020-03-04T19:43:44;32.60;;;14.32;;
29838;SDS011;18669;53.356;-1.464;2020-03-04T19:46:10;40.58;;;16.08;;
29838;SDS011;18669;53.356;-1.464;2020-03-04T19:48:38;37.83;;;14.90;;
29838;SDS011;18669;53.356;-1.464;2020-03-04T19:51:07;31.77;;;13.10;;
29838;SDS011;18669;53.356;-1.464;2020-03-04T19:53:36;31.73;;;13.85;;
29838;SDS011;18669;53.356;-1.464;2020-03-04T19:56:07;28.33;;;13.43;;
29838;SDS011;18669;53.356;-1.464;2020-03-04T19:58:38;28.38;;;13.45;;
29838;SDS011;18669;53.356;-1.464;2020-03-04T20:01:05;32.50;;;12.73;;
29838;SDS011;18669;53.356;-1.464;2020-03-04T20:03:32;31.80;;;12.93;;
29838;SDS011;18669;53.356;-1.464;2020-03-04T20:05:58;29.92;;;14.13;;
29838;SDS011;18669;53.356;-1.464;2020-03-04T20:08:24;30.67;;;12.00;;
29838;SDS011;18669;53.356;-1.464;2020-03-04T20:10:50;28.90;;;13.13;;
29838;SDS011;18669;53.356;-1.464;2020-03-04T20:13:16;30.48;;;12.60;;
29838;SDS011;18669;53.356;-1.464;2020-03-04T20:15:42;28.60;;;11.73;;
29838;SDS011;18669;53.356;-1.464;2020-03-04T20:18:08;26.80;;;11.60;;
29838;SDS011;18669;53.356;-1.464;2020-03-04T20:20:34;34.22;;;14.45;;
29838;SDS011;18669;53.356;-1.464;2020-03-04T20:23:00;46.37;;;22.40;;
29838;SDS011;18669;53.356;-1.464;2020-03-04T20:25:26;33.75;;;11.98;;
29838;SDS011;18669;53.356;-1.464;2020-03-04T20:27:52;24.60;;;11.43;;
29838;SDS011;18669;53.356;-1.464;2020-03-04T20:30:18;23.60;;;11.80;;
29838;SDS011;18669;53.356;-1.464;2020-03-04T20:32:44;24.75;;;12.80;;
29838;SDS011;18669;53.356;-1.464;2020-03-04T20:35:10;24.77;;;11.52;;
29838;SDS011;18669;53.356;-1.464;2020-03-04T20:37:36;22.85;;;11.77;;
29838;SDS011;18669;53.356;-1.464;2020-03-04T20:40:04;28.30;;;11.48;;
29838;SDS011;18669;53.356;-1.464;2020-03-04T20:42:56;21.45;;;11.30;;
29838;SDS011;18669;53.356;-1.464;2020-03-04T20:45:49;19.02;;;10.80;;
29838;SDS011;18669;53.356;-1.464;2020-03-04T20:48:18;22.73;;;10.43;;
29838;SDS011;18669;53.356;-1.464;2020-03-04T20:50:45;24.25;;;11.23;;
29838;SDS011;18669;53.356;-1.464;2020-03-04T20:53:11;21.25;;;11.70;;
29838;SDS011;18669;53.356;-1.464;2020-03-04T20:55:37;26.92;;;12.18;;
29838;SDS011;18669;53.356;-1.464;2020-03-04T20:58:03;24.10;;;11.70;;
29838;SDS011;18669;53.356;-1.464;2020-03-04T21:00:30;27.10;;;11.57;;
29838;SDS011;18669;53.356;-1.464;2020-03-04T21:02:56;21.40;;;11.00;;
29838;SDS011;18669;53.356;-1.464;2020-03-04T21:05:22;26.42;;;10.18;;
29838;SDS011;18669;53.356;-1.464;2020-03-04T21:07:49;24.77;;;11.60;;
29838;SDS011;18669;53.356;-1.464;2020-03-04T21:10:15;21.02;;;10.57;;
29838;SDS011;18669;53.356;-1.464;2020-03-04T21:12:41;22.02;;;11.43;;
29838;SDS011;18669;53.356;-1.464;2020-03-04T21:15:07;24.23;;;12.20;;
29838;SDS011;18669;53.356;-1.464;2020-03-04T21:17:33;26.35;;;10.60;;
29838;SDS011;18669;53.356;-1.464;2020-03-04T21:19:59;26.98;;;11.52;;
29838;SDS011;18669;53.356;-1.464;2020-03-04T21:22:26;20.52;;;12.25;;
29838;SDS011;18669;53.356;-1.464;2020-03-04T21:24:54;27.02;;;12.35;;
29838;SDS011;18669;53.356;-1.464;2020-03-04T21:27:22;32.33;;;12.90;;
29838;SDS011;18669;53.356;-1.464;2020-03-04T21:29:49;21.60;;;11.50;;
29838;SDS011;18669;53.356;-1.464;2020-03-04T21:32:15;26.92;;;11.30;;
29838;SDS011;18669;53.356;-1.464;2020-03-04T21:34:41;21.35;;;10.93;;
29838;SDS011;18669;53.356;-1.464;2020-03-04T21:37:08;21.25;;;10.05;;
29838;SDS011;18669;53.356;-1.464;2020-03-04T21:39:34;24.10;;;11.05;;
29838;SDS011;18669;53.356;-1.464;2020-03-04T21:42:00;22.73;;;10.60;;
29838;SDS011;18669;53.356;-1.464;2020-03-04T21:44:26;24.48;;;11.82;;
29838;SDS011;18669;53.356;-1.464;2020-03-04T21:46:58;20.37;;;10.40;;
29838;SDS011;18669;53.356;-1.464;2020-03-04T21:49:25;28.05;;;12.35;;
29838;SDS011;18669;53.356;-1.464;2020-03-04T21:51:52;23.02;;;12.00;;
29838;SDS011;18669;53.356;-1.464;2020-03-04T21:54:19;28.98;;;13.02;;
29838;SDS011;18669;53.356;-1.464;2020-03-04T21:56:46;31.80;;;13.57;;
29838;SDS011;18669;53.356;-1.464;2020-03-04T21:59:14;25.75;;;12.73;;
29838;SDS011;18669;53.356;-1.464;2020-03-04T22:01:40;27.23;;;13.00;;
29838;SDS011;18669;53.356;-1.464;2020-03-04T22:04:07;28.55;;;13.35;;
29838;SDS011;18669;53.356;-1.464;2020-03-04T22:06:33;31.42;;;13.62;;
29838;SDS011;18669;53.356;-1.464;2020-03-04T22:09:00;31.10;;;13.60;;
29838;SDS011;18669;53.356;-1.464;2020-03-04T22:11:26;26.77;;;14.35;;
29838;SDS011;18669;53.356;-1.464;2020-03-04T22:13:52;26.90;;;13.57;;
29838;SDS011;18669;53.356;-1.464;2020-03-04T22:16:18;30.10;;;13.10;;
29838;SDS011;18669;53.356;-1.464;2020-03-04T22:18:45;33.28;;;14.70;;
29838;SDS011;18669;53.356;-1.464;2020-03-04T22:21:12;28.12;;;12.68;;
29838;SDS011;18669;53.356;-1.464;2020-03-04T22:23:40;27.87;;;13.25;;
29838;SDS011;18669;53.356;-1.464;2020-03-04T22:26:07;28.45;;;13.45;;
29838;SDS011;18669;53.356;-1.464;2020-03-04T22:28:34;47.67;;;24.02;;
29838;SDS011;18669;53.356;-1.464;2020-03-04T22:31:01;30.73;;;13.73;;
29838;SDS011;18669;53.356;-1.464;2020-03-04T22:33:27;31.10;;;14.30;;
29838;SDS011;18669;53.356;-1.464;2020-03-04T22:35:53;34.92;;;15.93;;
29838;SDS011;18669;53.356;-1.464;2020-03-04T22:38:19;27.15;;;14.25;;
29838;SDS011;18669;53.356;-1.464;2020-03-04T22:40:46;30.62;;;14.02;;
29838;SDS011;18669;53.356;-1.464;2020-03-04T22:43:12;28.90;;;14.93;;
29838;SDS011;18669;53.356;-1.464;2020-03-04T22:45:40;30.33;;;15.40;;
29838;SDS011;18669;53.356;-1.464;2020-03-04T22:48:12;26.17;;;13.77;;
29838;SDS011;18669;53.356;-1.464;2020-03-04T22:50:39;36.20;;;15.80;;
29838;SDS011;18669;53.356;-1.464;2020-03-04T22:53:09;34.65;;;16.35;;
29838;SDS011;18669;53.356;-1.464;2020-03-04T22:55:39;31.75;;;15.55;;
29838;SDS011;18669;53.356;-1.464;2020-03-04T22:58:25;30.37;;;15.25;;
29838;SDS011;18669;53.356;-1.464;2020-03-04T23:03:28;30.70;;;14.15;;
29838;SDS011;18669;53.356;-1.464;2020-03-04T23:05:54;30.37;;;13.95;;
29838;SDS011;18669;53.356;-1.464;2020-03-04T23:08:20;41.03;;;18.65;;
29838;SDS011;18669;53.356;-1.464;2020-03-04T23:10:46;35.50;;;15.25;;
29838;SDS011;18669;53.356;-1.464;2020-03-04T23:13:13;27.35;;;15.05;;
29838;SDS011;18669;53.356;-1.464;2020-03-04T23:15:39;31.87;;;17.20;;
29838;SDS011;18669;53.356;-1.464;2020-03-04T23:18:05;37.67;;;16.92;;
29838;SDS011;18669;53.356;-1.464;2020-03-04T23:20:32;37.95;;;16.45;;
29838;SDS011;18669;53.356;-1.464;2020-03-04T23:22:58;40.15;;;17.42;;
29838;SDS011;18669;53.356;-1.464;2020-03-04T23:25:24;33.40;;;15.45;;
29838;SDS011;18669;53.356;-1.464;2020-03-04T23:27:50;28.15;;;15.82;;
29838;SDS011;18669;53.356;-1.464;2020-03-04T23:30:16;39.75;;;17.27;;
29838;SDS011;18669;53.356;-1.464;2020-03-04T23:32:44;40.83;;;19.75;;
29838;SDS011;18669;53.356;-1.464;2020-03-04T23:35:11;42.65;;;21.23;;
29838;SDS011;18669;53.356;-1.464;2020-03-04T23:37:37;38.22;;;21.30;;
29838;SDS011;18669;53.356;-1.464;2020-03-04T23:40:03;47.47;;;22.27;;
29838;SDS011;18669;53.356;-1.464;2020-03-04T23:42:29;46.83;;;22.55;;
29838;SDS011;18669;53.356;-1.464;2020-03-04T23:44:55;44.50;;;21.25;;
29838;SDS011;18669;53.356;-1.464;2020-03-04T23:47:21;41.17;;;21.33;;
29838;SDS011;18669;53.356;-1.464;2020-03-04T23:49:47;49.65;;;22.48;;
29838;SDS011;18669;53.356;-1.464;2020-03-04T23:52:13;45.63;;;23.83;;
29838;SDS011;18669;53.356;-1.464;2020-03-04T23:54:39;44.42;;;23.20;;
29838;SDS011;18669;53.356;-1.464;2020-03-04T23:57:05;52.60;;;22.85;;
29838;SDS011;18669;53.356;-1.464;2020-03-04T23:59:31;46.63;;;23.65;;
